0.10844388959393651, 4.086973711804256e-45
0.1211057861918494, 5.183272869743192e-45
0.13441887824887994, 6.743170062155842e-45
0.1516342676131522, 8.795498307327354e-45
0.16883890522771935, 1.0952078706601352e-44
0.18836669681667692, 1.4954505608909273e-44
0.2105678883234431, 2.0378878705485208e-44
0.23307625746074181, 2.541622331833044e-44
0.26080401218396104, 3.2383280163975664e-44
0.2903952028078211, 3.7311392611373485e-44
0.3243017146846155, 4.456574956655956e-44
0.3610974440850826, 5.078550265201573e-44
0.4024647017395263, 5.787277134662027e-44
0.4503436348241918, 6.304561232428069e-44
0.4975004727430655, 6.372244081138212e-44
0.5572344302360601, 6.090854673979848e-44
0.6198475651409645, 5.007449779638529e-44
0.6922208985364298, 3.8116103670629166e-44
0.7715215990332185, 2.5874523755726974e-44
0.8582129148261964, 1.5305593237770837e-44
0.9584177601818199, 8.402827522523804e-45
1.068213924833416, 4.688862009357971e-45
1.191762812268068, 2.8669466180481764e-45
1.3204560059512844, 1.9981438069009835e-45
1.4790007054084835, 1.4240015603043847e-45
1.6451872611332619, 1.167951902963997e-45
1.837279144435072, 1.0815803649077562e-45
2.0500021618044353, 1.0205400815691792e-45
2.2823482383963913, 1.0403872689783132e-45
2.5513493473083493, 1.0832816221932489e-45
2.835232467036363, 1.1587023877198358e-45
3.1913481235622836, 1.2163305322353013e-45
3.5375175614454766, 1.272111686064626e-45
3.964431746794594, 1.3812120668597815e-45
4.418596328154707, 1.3785330275893512e-45
4.924789921523611, 1.404389881821792e-45
5.499807850023499, 1.3954594341891422e-45
6.087702358811996, 1.3075259995746673e-45
7.493486258726949, 8.833950958550993e-46
8.26417120246546, 4.328675167202426e-46
8.63910735657751, 1.8849061721832507e-46
8.845980393967972, 8.199413835224339e-47
9.1475585865532, 4.015414992667835e-47
9.961432509141147, 1.8880403187403293e-47
10.891779070616442, 1.0243707073645892e-47
12.040201842815451, 5.478302954281487e-48
13.49027956757929, 3.048574953979604e-48
15.124938149444056, 1.820413994548732e-48
16.90943926948502, 1.224387391746436e-48
17.920336830354263, 1.0837233819021754e-48
