# DAMIC at SNOLAB, 0.6 kg-day (PhysRevD.94.082006 / arXiv:1607.07410), Fig. 11,
# the "This work, 0.6 kg d" red curve (with its shaded uncertainty band) -- the
# paper's own actual result, no ambiguity about which line this is (only one curve
# in that figure). Digitized directly from the published figure by Diego
# Venegas-Vargas (vvdiego97@gmail.com) -- the most directly verified of any DAMIC
# 2016 curve in this repo. Columns: mchi_GeV, sigma_n_cm2.
1.2264187759651781, 9.06664911341281e-37
1.2304055883552418, 8.513167637510403e-37
1.2303075975213957, 7.196856730011469e-37
1.242345006000895, 5.957663747424797e-37
1.2627324980790695, 4.829371084838725e-37
1.2667490770341316, 3.914760225458791e-37
1.2749982977670833, 3.451389082278451e-37
1.2875242338586228, 3.1074290096101137e-37
1.3086531392685197, 2.518928298645064e-37
1.317201470862599, 2.316016458543152e-37
1.3301552649421602, 2.1294501471630298e-37
1.3520376064641961, 1.8773974818121555e-37
1.3787611357683178, 1.5871131965442994e-37
1.3832018668564652, 1.3992543204229278e-37
1.4013454295332552, 1.2079998192449708e-37
1.4290435464142375, 1.0212181880078926e-37
1.4430684990695901, 9.003415539457751e-38
1.4667937697932756, 7.772800259044396e-38
1.4812039576751543, 6.998175063738155e-38
1.5104955459642906, 6.041642386700064e-38
1.5203472084984793, 5.439541694826196e-38
1.5252591464686363, 4.897445422272653e-38
1.5452968533391775, 4.409373621853583e-38
1.5604472067639548, 3.806686504689667e-38
1.5809314487990354, 3.3561075226268505e-38
1.612195200743267, 2.8973841434876096e-38
1.6387500011172444, 2.6639858572587785e-38
1.6657587745287308, 2.50136052505336e-38
1.698700031510717, 2.1594666659436617e-38
1.7266796708318366, 1.9855111964445626e-38
1.7379413163673874, 1.7876382359836325e-38
1.7665848942067315, 1.6785103060444633e-38
1.79566480224525, 1.5112325772580706e-38
1.807394371907987, 1.3894954943731246e-38
1.8371643381756824, 1.2775649214671103e-38
1.861318151058271, 1.1746508967987862e-38
1.8981266976958788, 1.014095901151096e-38
1.9168125850163107, 9.521895354084085e-39
1.9804967668592368, 8.220412614574927e-39
2.032915604799992, 6.949367658167702e-39
2.0663796058969774, 6.25680447629522e-39
2.1141777157097854, 5.5162169368637316e-39
2.156029621814065, 4.966479328837896e-39
2.2131604776993825, 4.471527716565481e-39
2.256971829894664, 4.0259022128441686e-39
2.2866677569019664, 3.78013751292799e-39
2.331934246820206, 3.403414882518304e-39
2.39375008564071, 3.129253376288256e-39
2.425245661648952, 2.938225383971012e-39
2.4894854677023184, 2.5904419242745546e-39
2.5140179458569643, 2.4839152744684186e-39
2.5554522958223465, 2.3322825075076362e-39
2.597543678769957, 2.14440588732343e-39
2.6403283575859113, 1.9716636362811016e-39
2.710292247395664, 1.7751707021477044e-39
2.7369189084192334, 1.598259948490703e-39
2.7820269618701636, 1.500692780720012e-39
2.8463789472682866, 1.3230630692392225e-39
2.9314176607997924, 1.2164839490258476e-39
3.0289316980571708, 1.1422226289839858e-39
3.119455432245127, 1.0724946557723686e-39
3.2126526072493826, 9.86100031431828e-40
3.2763475892476026, 9.455486754111459e-40
3.3741313153354926, 8.163080951851173e-40
3.40738148042313, 7.827390868337391e-40
3.4862681625495657, 7.19685673001147e-40
3.5670167170386264, 6.757518355386148e-40
3.661645518853481, 6.479629171823636e-40
3.7957876311961636, 5.833879397552068e-40
3.9348831302783287, 5.363932236242851e-40
4.039230786981973, 5.0364863305262385e-40
4.119231728509929, 4.630773031928287e-40
4.22846805499236, 4.348083467104491e-40
4.441226126915549, 3.9978243439284616e-40
4.6191239511279285, 3.753773681925596e-40
4.757220099179098, 3.5994073822147996e-40
4.867406300723072, 3.3796784299456446e-40
4.9802437837462294, 3.3094577335509313e-40
5.145912321659911, 3.1074290096101136e-40
5.299810418430838, 3.042864929454279e-40
5.476109387189491, 2.8571105949632118e-40
5.6213841955304575, 2.7396177390319668e-40
5.808438188823587, 2.626956537576827e-40
5.962588653916645, 2.572375392864116e-40
6.060920362204911, 2.466591692377452e-40
6.22177146578102, 2.415342501085917e-40
6.386827821183107, 2.316016458543152e-40
6.55619765882373, 2.174633220739005e-40
6.84138789320467, 2.174633220739005e-40
7.115568312336233, 2.1294501471630297e-40
7.280595755617228, 2.1294501471630297e-40
7.47389029867616, 2.1294501471630297e-40
7.773496731490097, 2.1294501471630297e-40
8.111477155556706, 2.041880845577553e-40
8.354149164244445, 2.041880845577553e-40
8.746149103201867, 2.041880845577553e-40
9.067010173857621, 2.041880845577553e-40
9.307732725595823, 2.041880845577553e-40
9.617547309821264, 1.9994560120013634e-40
9.905276595075415, 1.9994560120013634e-40
10.370059751838337, 1.9994560120013634e-40
11.108444154067131, 1.9994560120013634e-40
11.591654081034827, 1.9994560120013634e-40
12.135687581384719, 2.041880845577553e-40
12.705127831682102, 2.041880845577553e-40
13.34492586910074, 2.041880845577553e-40
14.016942514164093, 2.041880845577553e-40
14.96679244928416, 2.316016458543152e-40
15.720638691367462, 2.365158131189933e-40
16.404476010850225, 2.365158131189933e-40
17.2312500182242, 2.572375392864116e-40
17.86339535034076, 2.572375392864116e-40
18.702340348768395, 2.797747463288551e-40
19.644142809066288, 2.797747463288551e-40
