# DAMIC at SNOLAB, 0.6 kg-day exposure (PhysRevD.94.082006 / arXiv:1607.07410), Fig. 11.
# Lower edge of the expected-sensitivity +-1sigma band (paper caption, Fig. 11: "The expected
# sensitivity +-1 sigma is shown by the red band"). Columns: mchi_GeV, sigma_n_cm2.
# Source: directly digitized by the user (Diego Venegas-Vargas, vvdiego97@gmail.com) from the
# actual Fig. 11 PDF -- same trusted-source standard as DAMIC_2016_SNOLAB_observed_fig11_diego.csv.
# Supersedes DAMIC_2016_SNOLAB_expected_lower.csv (WIMPyCCD-repo-sourced, provenance uncertain,
# never confirmed against the original figure directly -- see docs/ClusterFitMC_Design.md Sec. 6.4).
1.230246357213299, 6.479629171823636e-37
1.2381222726437122, 4.534557929252648e-37
1.2500743429221837, 2.8571105949632117e-37
1.2872550842360024, 1.999456012001363e-37
1.3212071488410795, 1.3992543204229278e-37
1.3516607718925038, 1.0428865875181405e-37
1.4009827468592098, 6.998175063738155e-38
1.4616335081055025, 4.598476609587387e-38
1.5149834603073231, 3.151231021763626e-38
1.5600278159224248, 2.1594666659436617e-38
1.5908465117567745, 1.7876382359836325e-38
1.638228016177745, 1.36062548698201e-38
1.692589100389438, 1.0800270938604445e-38
1.7544039154205266, 7.718590381296832e-39
1.842494430132586, 5.752788657295682e-39
1.9223546191117642, 4.198559420434855e-39
2.0122362985364406, 3.000569202577672e-39
2.1202270619479364, 2.2838239025660703e-39
2.2194046624588797, 1.702170421399562e-39
2.323244610411677, 1.2955733503142396e-39
2.447950639477965, 1.0070232872933537e-39
2.621940005664082, 7.827390868337391e-40
2.7717980862460885, 6.344999773714917e-40
2.9495675873032834, 5.477745158893138e-40
3.1181203170098466, 4.348083467104491e-40
3.339908590633193, 3.753773681925596e-40
3.589101966819549, 3.042864929454279e-40
3.869541315206479, 2.466591692377452e-40
4.172017774414155, 2.1294501471630297e-40
4.542465003950819, 1.7627901206922262e-40
4.881625110762776, 1.5871131965442994e-40
5.332677381742628, 1.3992543204229278e-40
5.693532992428154, 1.3138356241942634e-40
6.159095250827917, 1.2865376269464848e-40
6.66266037334494, 1.233631386523231e-40
7.1604085842540615, 1.2079998192449708e-40
7.545587899467675, 1.1829008075163805e-40
8.109458555042579, 1.2079998192449708e-40
8.859638077476422, 1.3138356241942634e-40
9.36685363773391, 1.2865376269464848e-40
10.001095168467877, 1.3138356241942634e-40
10.889775882566463, 1.233631386523231e-40
11.780823214493358, 1.3417128354799061e-40
12.66118675908039, 1.3701815506757215e-40
13.607744983950031, 1.4902264919349858e-40
15.1614525544056, 1.5871131965442994e-40
16.135600502991753, 1.7261640474019577e-40
17.171655213819246, 1.7261640474019577e-40
18.1556386790187, 1.8773974818121554e-40
19.321590869866395, 1.9172324545468215e-40
