mass,xs
0.45901926736226994,1.3790175234981257e-37
0.4606082006227099,4.958469815624413e-38
0.46220263410740114,2.530472376712595e-38
0.463802586855826,1.538485993584103e-38
0.4654080779733736,1.0256649219111249e-38
0.46701912663156797,7.360943203047347e-39
0.46863575206829694,5.4811215698467944e-39
0.47025797358804183,4.273811936652982e-39
0.4718858105621082,3.4258424282014375e-39
0.47351928242885677,2.7971989830806865e-39
0.47515840869393594,2.3263943887845057e-39
0.47845370277951493,1.6695956542827624e-39
0.48010990994984937,1.4275038513999447e-39
0.48177185021865315,1.2318143884228429e-39
0.48343954343152207,1.0629510288448403e-39
0.48679226841556233,8.136829720634131e-40
0.4884773402223631,7.218205042651648e-40
0.4901682450449662,6.4032904493055015e-40
0.4918650030748394,5.680377370258881e-40
0.4935676345733451,5.085728556241094e-40
0.4952761598719822,4.595483018189596e-40
0.49699059937262846,4.152495347899149e-40
0.49871097354778465,3.752210060634075e-40
0.5004373029408188,3.421898580121625e-40
0.5021696081662115,3.1206648091177658e-40
0.5039079099098018,2.845949002532934e-40
0.5056522289290349,2.6194439171847966e-40
0.5074025860532096,2.388851177326718e-40
0.5109214982943391,2.0424671370626696e-40
0.5126900954314022,1.8799100452843524e-40
0.514464814714125,1.7463088724720585e-40
0.5162456773348224,1.6222024483162763e-40
0.5180327045591681,1.5069160014047978e-40
0.5198259177264491,1.412781624329551e-40
0.52162533824982,1.3123782659818748e-40
0.5234309876165584,1.2303963171273057e-40
0.5252428873883223,1.1535356356026002e-40
0.5270610592014069,1.081476304896495e-40
0.5288855247670035,1.013918393116299e-40
0.5307163058714583,9.505807045841172e-41
0.532553424376533,8.994499220587052e-41
0.5343969022196651,8.432628764341007e-41
0.5362467614142308,7.979046122290965e-41
0.5381030240498074,7.549861235545783e-41
0.5399657122924367,7.143761773322196e-41
0.5418348483848908,6.759505993793309e-41
0.5437104546469363,6.395918947179445e-41
0.5455925534756019,6.05188888307094e-41
0.5474811673454454,5.779375871606567e-41
0.5493763188088221,5.46850904104849e-41
0.5512780304961541,5.222265282151183e-41
0.5531863251162008,4.941364871334932e-41
0.5551012254563297,4.718858105621077e-41
0.5570227543827885,4.5063706892322736e-41
0.5589509348409787,4.303451456737333e-41
0.5608857898557289,4.1096695584201434e-41
0.5628273425315701,3.924613545474936e-41
0.5647756160530117,3.747890496394673e-41
0.5667306336848181,3.5791251826976206e-41
0.5706609947415264,3.29426763456268e-41
0.5726363850997376,3.1459286926208457e-41
0.5746186134354928,3.0320814987386917e-41
0.5766077034190185,2.895548644915472e-41
0.5786036788024772,2.790762389350896e-41
0.5806065634202522,2.6897682162901007e-41
0.5826163811892306,2.592428895047283e-41
0.5846331561090907,2.4756933404384046e-41
0.586656912262587,2.386101119107144e-41
0.5886876738158386,2.2997511273331346e-41
0.590725465018618,2.216526032915601e-41
0.5927703102046397,2.136312749758201e-41
0.5948222337918518,2.059002284207873e-41
0.5968812602827271,2.002861071131835e-41
0.5989474142645557,1.9303800536125844e-41
0.6010207204097384,1.8605220327536347e-41
0.6031012034760821,1.793192085612184e-41
0.6051888883070943,1.744298512381716e-41
0.6072837998322806,1.6811745479405432e-41
0.6093859630674425,1.6353352697436022e-41
0.6114954031149753,1.576154547703227e-41
0.6136121451641683,1.533178768131707e-41
0.6157362144915061,1.477694961114429e-41
0.6178676364609695,1.4374038024743458e-41
0.6200064365243391,1.3853859707380163e-41
0.6221526402214987,1.3476117295085178e-41
0.6243062731807407,1.310867449120693e-41
0.6264673611190719,1.2751250464337334e-41
0.630812005246445,1.1954702403083822e-41
0.6329956133158419,1.1628742835180594e-41
0.6351867801256577,1.1311670953170768e-41
0.637385531841099,1.1003244423439012e-41
0.6395918947179459,1.0703227519892122e-41
0.6418058951028647,1.0411390943796866e-41
0.6440275594337228,1.012751164853008e-41
0.6462569142399048,9.851372669107373e-42
0.6484939861426289,9.671475731264365e-42
0.6507388018552646,9.407771128334537e-42
0.6529913881836521,9.151256753611722e-42
0.6552517720264223,8.901736556738458e-42
0.6597960403155155,8.500896573848977e-42
0.66207997902595,8.269109241921164e-42
0.6666716019440025,7.896756096451588e-42
0.6689793409812043,7.681441392810574e-42
0.6712950684484641,7.5411697950138e-42
0.673618811998395,7.3355505863555e-42
0.6759505993793321,7.201595336442367e-42
0.6782904584356634,7.005235040306923e-42
0.6806384171081628,6.877311716832062e-42
0.6829945034343231,6.689793409812048e-42
0.6853587455486917,6.56763039866118e-42
0.6877311716832057,6.447698218924559e-42
0.6901118101675296,6.271893848849325e-42
0.6925006894293935,6.157362144915063e-42
0.694897837994932,6.044921916302633e-42
0.6997170576356422,5.772722623270882e-42
0.70213918625818,5.6673063368481826e-42
0.7045696992798117,5.563815068162918e-42
0.7070086257238304,5.4622136642665816e-42
0.7094559947139951,5.3624676141423075e-42
0.7143761773322208,5.120998838583997e-42
0.716849049713269,5.0274837477735773e-42
0.7193304821471396,4.93567634573345e-42
0.7218205042651651,4.8455454481818936e-42
0.7243191458012495,4.757060440296578e-42
0.7268264365922236,4.670191266315677e-42
0.7293424065782003,4.584908419328691e-42
0.7318670858029327,4.501182931253871e-42
0.7344005044141733,4.4189863629986706e-42
0.736942692664033,4.378452678851577e-42
0.7394936809093433,4.2984973004619295e-42
0.7420534996120182,4.2200019955279903e-42
0.7446221793394181,4.142940101496967e-42
0.747199750764715,4.0672854427037326e-42
0.7497862446672585,3.993012321479696e-42
0.7523816919329437,3.956385935485485e-42
0.7549861235545795,3.884137961662422e-42
0.757599570632259,3.813209315581047e-42
0.7602220643737311,3.743575904860668e-42
0.7628536360947726,3.7092375044123533e-42
0.7654943172195628,3.641502733717024e-42
0.7681441392810582,3.575004874693087e-42
0.7708031339213691,3.542212712302971e-42
0.7734713328921379,3.477527998655898e-42
0.7761487680549177,3.414024499272171e-42
0.7788354713815532,3.382708948746228e-42
0.7815314749545621,3.320936949865109e-42
0.7842368109675185,3.290475256087241e-42
0.7869515117254373,3.230387546231887e-42
0.7896756096451596,3.171397104276962e-42
0.7924091372557406,3.142307082726747e-42
0.795152127198837,3.084925087249337e-42
0.7979046122290976,3.056628240680404e-42
0.8006666252145541,3.0008108354220205e-42
0.8034381991370134,2.973285536949362e-42
0.8062193670924519,2.946012717589026e-42
0.8090101622914104,2.8922152738680397e-42
0.8118106180593908,2.865686081250926e-42
0.8146207678372538,2.8133554905655337e-42
0.8174406451816185,2.7875496487998862e-42
0.8202702837652632,2.7619805142230325e-42
0.8231097173775271,2.71154370165082e-42
0.8259589799247141,2.6866717407699156e-42
0.8316871280363264,2.613416353041212e-42
0.8345660820018334,2.589444477073001e-42
0.8374550017052437,2.5656924860216165e-42
0.8403539216437854,2.5188401094863697e-42
0.8432628764341018,2.4957357454924313e-42
0.8461819008126644,2.4728433090573586e-42
0.8491110296361882,2.450160856250112e-42
0.8520502978820472,2.405418214786104e-42
0.8549997406486928,2.3833542267692586e-42
0.8579593931560721,2.3614926233374327e-42
0.86092929074605,2.3398315480936758e-42
0.863909468882829,2.318369161669049e-42
0.8699008092678397,2.2551559937709616e-42
0.87291204305999,2.2344703040572857e-42
0.8759337004876334,2.2139743563216027e-42
0.8789658176330487,2.1936664101327836e-42
0.8820084307034163,2.1735447410240127e-42
0.8850615760312508,2.1536076403463684e-42
0.888125290074835,2.1338534151237025e-42
0.8911996094186547,2.114280387908894e-42
0.8942845707738365,2.0948868966414223e-42
0.897380210978585,2.075671294506202e-42
0.9004865669986236,2.0566319497937578e-42
0.9036036759276358,2.0377672457616835e-42
0.9067315749877075,2.0190755804973077e-42
0.9098703015297723,2.0005553667817193e-42
0.9130198930340572,1.982205031954966e-42
0.9161803871105296,1.964023017782481e-42
0.9193518214993475,1.946007780322818e-42
0.9225342340713093,1.928157789796519e-42
0.9257276628283065,1.9104715304561865e-42
0.928932145903777,1.8929475004578245e-42
0.9321477215631611,1.87558421173328e-42
0.9353744282043575,1.8583801898638624e-42
0.9386123043581834,1.8413339739551858e-42
0.9418613886888328,1.824444116513094e-42
0.9451217199943395,1.8077091833207234e-42
0.951676279394036,1.791127753316762e-42
0.9549705857576675,1.7746984184747403e-42
0.9582762956359734,1.7584197836834797e-42
0.9615934485031656,1.7422904666286384e-42
0.9649220839700992,1.726309097675308e-42
0.9716139618326658,1.710474319751722e-42
0.9749772841374904,1.6947847882340275e-42
0.9783522488613935,1.6792391708320854e-42
0.9817388963055742,1.663836147476349e-42
0.9851372669107377,1.663836147476349e-42
0.9885474012575777,1.648574410205778e-42
0.9919693400672617,1.6334526630567518e-42
0.9954031242019168,1.6184696219530323e-42
0.9988487946651178,1.6184696219530323e-42
1.0023063926023763,1.6036240145967355e-42
1.0057759593016333,1.588914580360272e-42
1.012751164853008,1.5743400701793117e-42
1.0162568869975959,1.5598992464467267e-42
1.0197747444901164,1.5455908829074796e-42
1.0233047793380832,1.5455908829074796e-42
1.0268470336944222,1.5314137645545055e-42
1.0304015498579746,1.517366687525546e-42
1.0339683702740032,1.517366687525546e-42
1.0375475375346985,1.5034484590009063e-42
1.044743083696542,1.4896578971021737e-42
1.048359548521296,1.4759938307918652e-42
1.0519885320389544,1.4759938307918652e-42
1.0556300775840108,1.4624550997739725e-42
1.059284228640965,1.4490405543954412e-42
1.0629510288448412,1.4490405543954412e-42
1.0666305219817112,1.435749055548557e-42
1.0703227519892144,1.435749055548557e-42
1.0740277629570856,1.4225794745741995e-42
1.0777455991276783,1.4225794745741995e-42
1.081476304896496,1.40953069316601e-42
1.0889765035797416,1.3966016032754373e-42
1.0927460860556988,1.3837911070176314e-42
1.096528717254008,1.3837911070176314e-42
1.1003244423439036,1.3710981165782223e-42
1.1041333066509773,1.3710981165782223e-42
1.107955355657719,1.358521554120957e-42
1.1117906350040603,1.358521554120957e-42
1.1156391904879186,1.3460603516961572e-42
1.119501068065745,1.3460603516961572e-42
1.1272649741250667,1.3337134511500411e-42
1.1311670953170792,1.3337134511500411e-42
1.1350827240252006,1.3214798040348776e-42
1.1390119070068183,1.3214798040348776e-42
1.142954691181174,1.3093583715199413e-42
1.1469111236299243,1.3093583715199413e-42
1.150881251597703,1.2973481243033063e-42
1.1548651224926842,1.2973481243033063e-42
1.1628742835180614,1.2854480425244529e-42
1.1668996692876175,1.2854480425244529e-42
1.1709389892638402,1.2736571156776364e-42
1.1749922916811415,1.2736571156776364e-42
1.1831410376120421,1.2619743425261137e-42
1.1872365784316163,1.2619743425261137e-42
1.1913462963053807,1.2503987310171054e-42
1.1954702403083841,1.2503987310171054e-42
1.1996084596855525,1.2503987310171054e-42
1.2037610038522775,1.238929298197541e-42
1.207927922395006,1.238929298197541e-42
1.2121092650718328,1.238929298197541e-42
1.216305081813094,1.2275650701306203e-42
1.2205154227219643,1.2275650701306203e-42
1.2247403380750541,1.2275650701306203e-42
1.228979878323011,1.2163050818130953e-42
1.233234094091121,1.2163050818130953e-42
1.2375030361799146,1.2163050818130953e-42
1.2417867555657718,1.2051483770933116e-42
1.246085303401532,1.2051483770933116e-42
1.2503987310171043,1.2051483770933116e-42
1.2547270899200804,1.1940940085900459e-42
1.25907043179635,1.1940940085900459e-42
1.2634288085107175,1.1940940085900459e-42
1.267802272107522,1.1940940085900459e-42
1.272190874811258,1.1831410376120431e-42
1.2765946690271999,1.1831410376120431e-42
1.281013707342027,1.1831410376120431e-42
1.2898977275258496,1.1722885340782922e-42
1.2943628154808922,1.1722885340782922e-42
1.298843359708181,1.1722885340782922e-42
1.3078510311773752,1.1615355764390781e-42
1.312378265981875,1.1615355764390781e-42
1.3169211721850942,1.1615355764390781e-42
1.321479804034879,1.1615355764390781e-42
1.3260542159668591,1.1508812515977035e-42
1.3306444626050977,1.1508812515977035e-42
1.3352505987627437,1.1508812515977035e-42
1.3398726794426863,1.1508812515977035e-42
1.3445107598382116,1.1508812515977035e-42
1.3491648953336621,1.1403246548329587e-42
1.3538351415050973,1.1403246548329587e-42
1.3585215541209588,1.1403246548329587e-42
1.3632241891427332,1.1403246548329587e-42
1.367943102725626,1.1403246548329587e-42
1.372678351219225,1.1298648897223064e-42
1.377429991168179,1.1298648897223064e-42
1.3821980793128699,1.1298648897223064e-42
1.3869826725900911,1.1298648897223064e-42
1.3917838281337276,1.1298648897223064e-42
1.3966016032754383,1.1298648897223064e-42
1.40143605554534,1.1195010680657452e-42
1.4062872426726951,1.1195010680657452e-42
1.4111552225866004,1.1195010680657452e-42
1.4160400534166793,1.1195010680657452e-42
1.4209417934937756,1.1195010680657452e-42
1.42586050135065,1.1195010680657452e-42
1.4307962357226793,1.1195010680657452e-42
1.4407190199710012,1.1092323098103957e-42
1.4457061883374516,1.1092323098103957e-42
1.4507106202007884,1.1092323098103957e-42
1.455732375320038,1.1092323098103957e-42
1.4607715136610866,1.1092323098103957e-42
1.4658280953973988,1.1092323098103957e-42
1.4709021809107332,1.1092323098103957e-42
1.475993830791866,1.1092323098103957e-42
1.4811031058413129,1.1092323098103957e-42
1.4862300670700557,1.0990577429757755e-42
1.4913747757002704,1.0990577429757755e-42
1.4965372931660594,1.0990577429757755e-42
1.501717681114184,1.0990577429757755e-42
1.5069160014048002,1.0990577429757755e-42
1.5121323161121993,1.0990577429757755e-42
1.517366687525547,1.0990577429757755e-42
1.5226191781496283,1.0990577429757755e-42
1.5278898507055938,1.0990577429757755e-42
1.5331787681317088,1.0990577429757755e-42
1.538485993584104,1.0990577429757755e-42
1.5438115904375311,1.0990577429757755e-42
1.5491556222861178,1.0990577429757755e-42
1.5545181529441292,1.0990577429757755e-42
1.570717379235421,1.088976503579742e-42
1.5761545477032286,1.088976503579742e-42
1.581610537380592,1.088976503579742e-42
1.5870854134186887,1.088976503579742e-42
1.5925792411942228,1.088976503579742e-42
1.5980920863102048,1.088976503579742e-42
1.6036240145967362,1.088976503579742e-42
1.609175092111794,1.088976503579742e-42
1.6147453851420204,1.088976503579742e-42
1.620334960203516,1.088976503579742e-42
1.6259438840426306,1.088976503579742e-42
1.631572223636762,1.088976503579742e-42
1.637220046195157,1.088976503579742e-42
1.6428874191597114,1.088976503579742e-42
1.648574410205778,1.088976503579742e-42
1.6542810872429727,1.088976503579742e-42
1.6600075184159864,1.088976503579742e-42
1.6657537721053983,1.088976503579742e-42
1.671519916928493,1.088976503579742e-42
1.6773060217400793,1.088976503579742e-42
1.6831121556333122,1.088976503579742e-42
1.6889383879405195,1.088976503579742e-42
1.6947847882340275,1.088976503579742e-42
1.7006514263269934,1.088976503579742e-42
1.7065383722742382,1.088976503579742e-42
1.712445696373084,1.088976503579742e-42
1.7183734691641923,1.088976503579742e-42
1.7243217614324073,1.088976503579742e-42
1.7422904666286383,1.0990577429757755e-42
1.7483215495670128,1.0990577429757755e-42
1.7543735095991362,1.0990577429757755e-42
1.7604464189927997,1.0990577429757755e-42
1.7665403502659558,1.0990577429757755e-42
1.7726553761875836,1.0990577429757755e-42
1.7787915697785583,1.0990577429757755e-42
1.7849490043125227,1.0990577429757755e-42
1.7911277533167622,1.0990577429757755e-42
1.7973278905730836,1.0990577429757755e-42
1.803549490118695,1.0990577429757755e-42
1.809792626247091,1.0990577429757755e-42
1.8160573735089385,1.0990577429757755e-42
1.8223438067129685,1.0990577429757755e-42
1.8286520009268679,1.0990577429757755e-42
1.8349820314781773,1.0990577429757755e-42
1.8477079042078526,1.1092323098103957e-42
1.854103898348675,1.1092323098103957e-42
1.8605220327536358,1.1092323098103957e-42
1.8669623840630951,1.1092323098103957e-42
1.8734250291827106,1.1092323098103957e-42
1.8799100452843545,1.1092323098103957e-42
1.8864175098070368,1.1092323098103957e-42
1.8929475004578282,1.1092323098103957e-42
1.8995000952127896,1.1092323098103957e-42
1.9060753723179018,1.1092323098103957e-42
1.9192942879177153,1.1195010680657452e-42
1.9259380842624079,1.1195010680657452e-42
1.9326048786591177,1.1195010680657452e-42
1.939294750717509,1.1195010680657452e-42
1.9460077803228213,1.1195010680657452e-42
1.952744047636824,1.1195010680657452e-42
1.9595036330987727,1.1195010680657452e-42
1.9662866174263705,1.1195010680657452e-42
1.9799231069473464,1.1298648897223064e-42
1.9867767749770577,1.1298648897223064e-42
1.9936541675470287,1.1298648897223064e-42
2.0005553667817226,1.1298648897223064e-42
2.007480455089884,1.1298648897223064e-42
2.0144295151655216,1.1298648897223064e-42
2.0214026299888963,1.1298648897223064e-42
2.035421357237112,1.1403246548329587e-42
2.042467137062671,1.1403246548329587e-42
2.0495373064394027,1.1403246548329587e-42
2.056631949793761,1.1403246548329587e-42
2.0637511518444493,1.1403246548329587e-42
2.0708949976034314,1.1403246548329587e-42
2.078063572376947,1.1403246548329587e-42
2.0852569617665315,1.1508812515977035e-42
2.0924752516700353,1.1508812515977035e-42
2.099718528282653,1.1508812515977035e-42
2.1069868780979504,1.1508812515977035e-42
2.1142803879088974,1.1508812515977035e-42
2.121599144808906,1.1508812515977035e-42
2.1363127497582015,1.1615355764390781e-42
2.143707773505895,1.1615355764390781e-42
2.1511283957415603,1.1615355764390781e-42
2.1585747050764863,1.1615355764390781e-42
2.166046790428698,1.1615355764390781e-42
2.173544741024016,1.1615355764390781e-42
2.181068646397125,1.1722885340782922e-42
2.1886185963926406,1.1722885340782922e-42
2.1961946811661823,1.1722885340782922e-42
2.203796991185453,1.1722885340782922e-42
2.2114256172313147,1.1722885340782922e-42
2.219080650398876,1.1722885340782922e-42
2.226762182098579,1.1831410376120431e-42
2.234470304057289,1.1831410376120431e-42
2.2422051083193946,1.1831410376120431e-42
2.2499666872479,1.1831410376120431e-42
2.2577551335255346,1.1831410376120431e-42
2.2734130004643567,1.1940940085900459e-42
2.2812826080995925,1.1940940085900459e-42
2.2891794570342845,1.1940940085900459e-42
2.297103641566449,1.1940940085900459e-42
2.3050552563205247,1.1940940085900459e-42
2.313034396248499,1.2051483770933116e-42
2.321041156631044,1.2051483770933116e-42
2.329075633078653,1.2051483770933116e-42
2.3371379215327854,1.2051483770933116e-42
2.345228118267007,1.2051483770933116e-42
2.353346319888144,1.2163050818130953e-42
2.361492623337435,1.2163050818130953e-42
2.369667125891689,1.2163050818130953e-42
2.3778699251644455,1.2163050818130953e-42
2.3861011191071433,1.2163050818130953e-42
2.394360806010286,1.2275650701306203e-42
2.40264908450462,1.2275650701306203e-42
2.410966053562309,1.2275650701306203e-42
2.4193118124981177,1.2275650701306203e-42
2.427686460970596,1.2275650701306203e-42
2.4360900989832714,1.238929298197541e-42
2.4445228268858417,1.238929298197541e-42
2.4529847453753724,1.238929298197541e-42
2.4614759554975016,1.238929298197541e-42
2.4699965586476447,1.238929298197541e-42
2.4785466565722056,1.2503987310171054e-42
2.487126351369792,1.2503987310171054e-42
2.495735745492434,1.2503987310171054e-42
2.5043749417468084,1.2503987310171054e-42
2.513044043295466,1.2503987310171054e-42
2.521743153658063,1.2619743425261137e-42
2.5304723767125976,1.2619743425261137e-42
2.5392318166966494,1.2619743425261137e-42
2.548021578208626,1.2619743425261137e-42
2.556841766209012,1.2736571156776364e-42
2.5656924860216193,1.2736571156776364e-42
2.5745738433348477,1.2736571156776364e-42
2.583485944202947,1.2736571156776364e-42
2.5924288950472816,1.2736571156776364e-42
2.601402802657603,1.2854480425244529e-42
2.610407774193323,1.2854480425244529e-42
2.6194439171847965,1.2854480425244529e-42
2.6285113395346027,1.2854480425244529e-42
2.6376101495188338,1.2973481243033063e-42
2.646740455788389,1.2973481243033063e-42
2.655902367370273,1.2973481243033063e-42
2.665095993668895,1.2973481243033063e-42
2.683578829928863,1.3093583715199413e-42
2.692868260597841,1.3093583715199413e-42
2.7021898474014514,1.3093583715199413e-42
2.7209299350423914,1.3214798040348776e-42
2.730348659659246,1.3214798040348776e-42
2.739799987972457,1.3214798040348776e-42
2.7492840328424224,1.3214798040348776e-42
2.7588009075202176,1.3337134511500411e-42
2.768350725648944,1.3337134511500411e-42
2.7779336012650893,1.3337134511500411e-42
2.7875496487998874,1.3337134511500411e-42
2.7971989830806865,1.3460603516961572e-42
2.806881719332318,1.3460603516961572e-42
2.816597973178473,1.3460603516961572e-42
2.826347860643086,1.3460603516961572e-42
2.836131498151716,1.358521554120957e-42
2.8459490025329384,1.358521554120957e-42
2.8558004910197425,1.358521554120957e-42
2.8656860812509275,1.358521554120957e-42
2.8756058912725098,1.3710981165782223e-42
2.8855600395391314,1.3710981165782223e-42
2.8955486449154755,1.3710981165782223e-42
2.9055718266776847,1.3710981165782223e-42
2.915629704514786,1.3837911070176314e-42
2.9257223985301204,1.3837911070176314e-42
2.935850029242776,1.3837911070176314e-42
2.946012717589028,1.3837911070176314e-42
2.956210584923782,1.3966016032754373e-42
2.9664437530220242,1.3966016032754373e-42
2.9767123440802754,1.3966016032754373e-42
2.9973562859793157,1.40953069316601e-42
3.0077318833339746,1.40953069316601e-42
3.0181433966793247,1.40953069316601e-42
3.0285909503415467,1.4225794745741995e-42
3.039074669077186,1.4225794745741995e-42
3.0495946780746435,1.4225794745741995e-42
3.06015110295567,1.4225794745741995e-42
3.0707440697768664,1.435749055548557e-42
3.0813737050311887,1.435749055548557e-42
3.09204013564946,1.435749055548557e-42
3.1027434890018832,1.435749055548557e-42
3.113483892899565,1.4490405543954412e-42
3.12426147559604,1.4490405543954412e-42
3.135076365788804,1.4490405543954412e-42
3.156818585682206,1.4624550997739725e-42
3.167746175011493,1.4624550997739725e-42
3.1787115910974695,1.4624550997739725e-42
3.189714964880589,1.4759938307918652e-42
3.2007564277545693,1.4759938307918652e-42
3.2118361115679557,1.4759938307918652e-42
3.2229541486257003,1.4759938307918652e-42
3.2341106716907393,1.4896578971021737e-42
3.2453058139855786,1.4896578971021737e-42
3.256539709193884,1.4896578971021737e-42
3.26781249146208,1.5034484590009063e-42
3.2791242954009494,1.5034484590009063e-42
3.2904752560872406,1.5034484590009063e-42
3.301865509065283,1.5034484590009063e-42
3.3132951903486023,1.517366687525546e-42
3.324764436421547,1.517366687525546e-42
3.336273384240918,1.517366687525546e-42
3.3478221712376026,1.5314137645545055e-42
3.359410935318217,1.5314137645545055e-42
3.371039814866753,1.5314137645545055e-42
3.3827089487462287,1.5314137645545055e-42
3.3944184763003498,1.5455908829074796e-42
3.4061685373551702,1.5455908829074796e-42
3.4179592722207643,1.5455908829074796e-42
3.4297908216929014,1.5598992464467267e-42
3.441663327054727,1.5598992464467267e-42
3.453576930078449,1.5598992464467267e-42
3.4655317730270325,1.5598992464467267e-42
3.477527998655898,1.5743400701793117e-42
3.4895657502146245,1.5743400701793117e-42
3.5016451714486623,1.5743400701793117e-42
3.513766406601048,1.588914580360272e-42
3.5259296004141274,1.588914580360272e-42
3.538134898131285,1.588914580360272e-42
3.550382445498675,1.588914580360272e-42
3.562672388766967,1.6036240145967355e-42
3.5750048746930867,1.6036240145967355e-42
3.587380050541973,1.6036240145967355e-42
3.599798064088333,1.6184696219530323e-42
3.61225906361841,1.6184696219530323e-42
3.6247631979317507,1.6184696219530323e-42
3.6499014686836073,1.6334526630567518e-42
3.662535905303766,1.6334526630567518e-42
3.6752140770740587,1.6334526630567518e-42
3.6879361353873352,1.648574410205778e-42
3.700702232160503,1.648574410205778e-42
3.713512519836344,1.648574410205778e-42
3.7263671513853316,1.663836147476349e-42
3.739266280307461,1.663836147476349e-42
3.7522100606340767,1.663836147476349e-42
3.765198646929723,1.6792391708320854e-42
3.7782321942939747,1.6792391708320854e-42
3.7913108583632997,1.6792391708320854e-42
3.8044347953129143,1.6792391708320854e-42
3.817604161858648,1.6947847882340275e-42
3.8308191152588154,1.6947847882340275e-42
3.8440798133160934,1.6947847882340275e-42
3.8573864143794063,1.710474319751722e-42
3.8707390773458163,1.710474319751722e-42
3.8841379616624208,1.710474319751722e-42
3.8975832273282567,1.726309097675308e-42
3.9110750348962107,1.726309097675308e-42
3.9246135454749362,1.726309097675308e-42
3.951831322889705,1.7422904666286384e-42
3.965510914739239,1.7422904666286384e-42
3.979237859630409,1.7422904666286384e-42
3.993012321479695,1.7584197836834797e-42
4.006834464770988,1.7584197836834797e-42
4.0207044545575545,1.7584197836834797e-42
4.034622456464006,1.7746984184747403e-42
4.048588636688275,1.7746984184747403e-42
4.062603162003607,1.7746984184747403e-42
4.076666199760542,1.791127753316762e-42
4.09077791788892,1.791127753316762e-42
4.104938484899884,1.791127753316762e-42
4.119148069887893,1.8077091833207234e-42
4.133406842532739,1.8077091833207234e-42
4.147714973101573,1.8077091833207234e-42
4.176479992028837,1.824444116513094e-42
4.190937223876709,1.824444116513094e-42
4.205444500631561,1.824444116513094e-42
4.220001995527989,1.8413339739551858e-42
4.234609882400252,1.8413339739551858e-42
4.249268335684357,1.8413339739551858e-42
4.26397753042013,1.8583801898638624e-42
4.278737642253314,1.8583801898638624e-42
4.293548847437664,1.8583801898638624e-42
4.3084113228370535,1.87558421173328e-42
4.323325245927583,1.87558421173328e-42
4.338290794799702,1.87558421173328e-42
4.353308148160335,1.8929475004578245e-42
4.368377485335015,1.8929475004578245e-42
4.383498986270024,1.8929475004578245e-42
4.3986728315345465,1.9104715304561865e-42
4.413899202322819,1.9104715304561865e-42
4.429178280456297,1.9104715304561865e-42
4.444510248385827,1.928157789796519e-42
4.459895289193826,1.928157789796519e-42
4.475333586596464,1.928157789796519e-42
4.506370689232281,1.946007780322818e-42
4.521969865086357,1.946007780322818e-42
4.553330397235087,1.964023017782481e-42
4.569092128012783,1.964023017782481e-42
4.600779460048624,1.982205031954966e-42
4.6167054396922,1.982205031954966e-42
4.632686548435053,1.982205031954966e-42
4.648722977111133,2.0005553667817193e-42
4.664814917214976,2.0005553667817193e-42
4.680962560903993,2.0005553667817193e-42
4.697166101000763,2.0190755804973077e-42
4.713425730995337,2.0190755804973077e-42
4.729741645047549,2.0190755804973077e-42
4.746114037989332,2.0377672457616835e-42
4.762543105327045,2.0377672457616835e-42
4.77902904324381,2.0377672457616835e-42
4.795572048601853,2.0566319497937578e-42
4.812172318944854,2.0566319497937578e-42
4.828830052500307,2.0566319497937578e-42
4.8455454481818885,2.075671294506202e-42
4.8623187055918295,2.075671294506202e-42
4.879150025023301,2.075671294506202e-42
4.896039607462805,2.0948868966414223e-42
4.912987654592578,2.0948868966414223e-42
4.929994368792991,2.0948868966414223e-42
4.947059953144976,2.114280387908894e-42
4.964184611432444,2.114280387908894e-42
4.981368548144721,2.114280387908894e-42
4.9986119684789925,2.1338534151237025e-42
5.015915078342748,2.1338534151237025e-42
5.033278084356243,2.1338534151237025e-42
5.050701193854968,2.1536076403463684e-42
5.068184614892121,2.1536076403463684e-42
5.0857285562410945,2.1536076403463684e-42
5.103333227397966,2.1735447410240127e-42
5.120998838584002,2.1735447410240127e-42
5.1387256007481685,2.1735447410240127e-42
5.1565137255696465,2.1936664101327836e-42
5.1743634254603625,2.1936664101327836e-42
5.192274913567526,2.1936664101327836e-42
5.210248403776172,2.2139743563216027e-42
5.228284110711717,2.2139743563216027e-42
5.246382249742517,2.2139743563216027e-42
5.264543036982454,2.2344703040572857e-42
5.282766689293496,2.2344703040572857e-42
5.3010534242883,2.2344703040572857e-42
5.319403460332807,2.2551559937709616e-42
5.337817016548851,2.2551559937709616e-42
5.356294312816773,2.2551559937709616e-42
5.374835569778048,2.27603318200585e-42
5.393441008837921,2.27603318200585e-42
5.412110852168049,2.27603318200585e-42
5.430845322709154,2.2971036415664466e-42
5.449644644173686,2.2971036415664466e-42
5.468509041048496,2.2971036415664466e-42
5.487438738597512,2.318369161669049e-42
5.506433962864434,2.318369161669049e-42
5.52549494067543,2.318369161669049e-42
5.544621899641845,2.3398315480936758e-42
5.563815068162921,2.3398315480936758e-42
5.602400951421872,2.3614926233374327e-42
5.6217941269223015,2.3614926233374327e-42
5.66078210355879,2.3833542267692586e-42
5.68037737025889,2.3833542267692586e-42
5.71977163038263,2.405418214786104e-42
5.739571094221832,2.405418214786104e-42
5.759439095547083,2.4276864609705935e-42
5.7793758716065735,2.4276864609705935e-42
5.799381660469751,2.4276864609705935e-42
5.819456701030159,2.450160856250112e-42
5.839601233008289,2.450160856250112e-42
5.859815496954448,2.450160856250112e-42
5.880099734251624,2.4728433090573586e-42
5.9004541871183775,2.4728433090573586e-42
5.9208790986117235,2.4728433090573586e-42
5.941374712630041,2.4957357454924313e-42
5.9619412739159845,2.4957357454924313e-42
5.982579028059404,2.4957357454924313e-42
6.00328822150028,2.5188401094863697e-42
6.024069101531665,2.5188401094863697e-42
6.044921916302637,2.5188401094863697e-42
6.065846914821262,2.5421583629662106e-42
6.0868443469575695,2.5421583629662106e-42
6.107914463446534,2.5421583629662106e-42
6.129057515891069,2.5656924860216165e-42
6.150273756765034,2.5656924860216165e-42
6.171563439416247,2.5656924860216165e-42
6.192926818069512,2.589444477073001e-42
6.214364147829645,2.589444477073001e-42
6.257461685508218,2.613416353041212e-42
6.279122408063871,2.613416353041212e-42
6.3226690538883545,2.6376101495188306e-42
6.344555497157302,2.6376101495188306e-42
6.366517702164667,2.6620279209430107e-42
6.38855593116599,2.6620279209430107e-42
6.410670447324632,2.6620279209430107e-42
6.432861514714913,2.6866717407699156e-42
6.455129398325272,2.6866717407699156e-42
6.477474364061423,2.6866717407699156e-42
6.499896678749537,2.71154370165082e-42
6.5223966101394275,2.71154370165082e-42
6.544974426907742,2.71154370165082e-42
6.567630398661179,2.736645915609795e-42
6.5903647959397,2.736645915609795e-42
6.613177890219764,2.736645915609795e-42
6.636069953917569,2.7619805142230325e-42
6.659041260392302,2.7619805142230325e-42
6.682092083949407,2.7619805142230325e-42
6.70522269984386,2.7875496487998862e-42
6.728433384283455,2.7875496487998862e-42
6.775096068413125,2.8133554905655337e-42
6.79854862531262,2.8133554905655337e-42
6.822082365182743,2.839400230845331e-42
6.845697569045078,2.839400230845331e-42
6.869394518893992,2.839400230845331e-42
6.893173497699996,2.865686081250926e-42
6.917034789413127,2.865686081250926e-42
6.94097867896634,2.865686081250926e-42
6.965005452278909,2.8922152738680397e-42
6.989115396259839,2.8922152738680397e-42
7.0133087988112965,2.8922152738680397e-42
7.037585948832045,2.918990061445985e-42
7.061947136220893,2.918990061445985e-42
7.086392651880162,2.918990061445985e-42
7.110922787719152,2.946012717589026e-42
7.135537836657632,2.946012717589026e-42
7.185023850585483,2.973285536949362e-42
7.209895406498276,2.973285536949362e-42
7.234853057364459,3.0008108354220205e-42
7.259897101208853,3.0008108354220205e-42
7.285027837087918,3.0008108354220205e-42
7.310245565093319,3.028590950341545e-42
7.335550586355517,3.028590950341545e-42
7.360943203047355,3.028590950341545e-42
7.386423718387686,3.056628240680404e-42
7.411992436644966,3.056628240680404e-42
7.437649663140907,3.056628240680404e-42
7.463395704254118,3.084925087249337e-42
7.489230867423761,3.084925087249337e-42
7.515155461153226,3.084925087249337e-42
7.541169795013812,3.1134838928995634e-42
7.567274179648424,3.1134838928995634e-42
7.619754349191659,3.142307082726747e-42
7.646130760777575,3.142307082726747e-42
7.672598476499592,3.171397104276962e-42
7.699157812414548,3.171397104276962e-42
7.725809085673339,3.171397104276962e-42
7.752552614524705,3.2007564277545687e-42
7.77938871831903,3.2007564277545687e-42
7.806317717512158,3.2007564277545687e-42
7.833339933669215,3.230387546231887e-42
7.860455689468452,3.230387546231887e-42
7.887665308705097,3.230387546231887e-42
7.914969116295223,3.26029297586097e-42
7.942367438279628,3.26029297586097e-42
7.997448935241449,3.290475256087241e-42
8.025132767959187,3.290475256087241e-42
8.052912430559697,3.320936949865109e-42
8.080788254766066,3.320936949865109e-42
8.108760573449668,3.320936949865109e-42
8.136829720634136,3.351680643875649e-42
8.164996031499358,3.351680643875649e-42
8.193259842385473,3.351680643875649e-42
8.221621490796887,3.382708948746228e-42
8.250081315406309,3.382708948746228e-42
8.27863965605879,3.382708948746228e-42
8.307296853775782,3.414024499272171e-42
8.33605325075921,3.414024499272171e-42
8.393865017259998,3.445629954640534e-42
8.422921077120426,3.445629954640534e-42
8.45207771694168,3.477527998655898e-42
8.481335284889637,3.477527998655898e-42
8.510694130335374,3.477527998655898e-42
8.540154603859351,3.509721339968236e-42
8.569717057255588,3.509721339968236e-42
8.59938184353587,3.509721339968236e-42
8.629149316933962,3.542212712302971e-42
8.659019832909836,3.542212712302971e-42
8.688993748153925,3.542212712302971e-42
8.719071420591362,3.575004874693087e-42
8.749253209386287,3.575004874693087e-42
8.809930578925792,3.608100611713393e-42
8.840426884232242,3.608100611713393e-42
8.871028755028567,3.641502733717024e-42
8.901736556738468,3.641502733717024e-42
8.932550656050585,3.641502733717024e-42
8.963471420922884,3.6752140770740587e-42
8.994499220587048,3.6752140770740587e-42
9.025634425552886,3.6752140770740587e-42
9.056877407612753,3.7092375044123533e-42
9.088228539846002,3.7092375044123533e-42
9.151256753611733,3.743575904860668e-42
9.182934587778036,3.743575904860668e-42
9.214722077394347,3.778232194293976e-42
9.246619602042102,3.778232194293976e-42
9.278627542616688,3.778232194293976e-42
9.31074628133199,3.813209315581047e-42
9.342976201724962,3.813209315581047e-42
9.375317688660202,3.813209315581047e-42
9.407771128334547,3.848510238834385e-42
9.440336908281688,3.848510238834385e-42
9.473015417376798,3.848510238834385e-42
9.505807045841168,3.884137961662422e-42
9.538712185246876,3.884137961662422e-42
9.571731228521461,3.9200955094240336e-42
9.60486456995261,3.9200955094240336e-42
9.638112605192871,3.9200955094240336e-42
9.671475731264374,3.956385935485485e-42
9.704954346563579,3.956385935485485e-42
9.738548850866023,3.956385935485485e-42
9.772259645331102,3.993012321479696e-42
9.806087132506859,3.993012321479696e-42
9.840031716334787,3.993012321479696e-42
9.87409380215466,4.029977777567888e-42
9.908273796709366,4.029977777567888e-42
9.942572108149772,4.0672854427037326e-42
9.976989146039585,4.0672854427037326e-42
10.011525321360262,4.0672854427037326e-42
10.046181046515889,4.104938484899886e-42
10.080956735338152,4.104938484899886e-42
10.11585280309121,4.104938484899886e-42
10.150869666476735,4.142940101496967e-42
10.18600774363881,4.142940101496967e-42
10.221267454168991,4.142940101496967e-42
10.25664921911125,4.1812935194351165e-42
10.292153460967075,4.1812935194351165e-42
10.363531072742948,4.2200019955279903e-42
10.399405294998822,4.2200019955279903e-42
10.435403698850093,4.259068816739291e-42
10.471526714161634,4.259068816739291e-42
10.507774772286366,4.259068816739291e-42
10.544148306070337,4.2984973004619295e-42
10.58064774985797,4.2984973004619295e-42
10.617273539497162,4.2984973004619295e-42
10.654026112344578,4.338290794799704e-42
10.690905907270784,4.338290794799704e-42
10.72791336466558,4.378452678851577e-42
10.765048926443164,4.378452678851577e-42
10.802313036047506,4.378452678851577e-42
10.839706138457544,4.4189863629986706e-42
10.877228680192594,4.4189863629986706e-42
10.914881109317594,4.4189863629986706e-42
10.952663875448538,4.45989528919383e-42
10.990577429757757,4.45989528919383e-42
11.028622224979397,4.45989528919383e-42
11.066798715414743,4.501182931253871e-42
11.105107356937719,4.501182931253871e-42
11.143548607000248,4.542852795154655e-42
11.182122924637815,4.542852795154655e-42
11.22083077047484,4.542852795154655e-42
11.259672606730271,4.584908419328691e-42
11.298648897223066,4.584908419328691e-42
11.337760107377692,4.584908419328691e-42
11.377006704229775,4.627353374965649e-42
11.416389156431567,4.627353374965649e-42
11.495563509610468,4.670191266315677e-42
11.535356356026014,4.670191266315677e-42
11.575286948679436,4.713425730995342e-42
11.615355764390785,4.713425730995342e-42
11.655563281630611,4.713425730995342e-42
11.695909980525784,4.757060440296578e-42
11.736396342865124,4.757060440296578e-42
11.777022852105246,4.757060440296578e-42
11.817789993376246,4.801099099498492e-42
11.858698253487589,4.801099099498492e-42
11.899748120933815,4.8455454481818936e-42
11.940940085900484,4.8455454481818936e-42
11.982274640269923,4.8455454481818936e-42
12.023752277627198,4.890403260546891e-42
12.065373493265914,4.890403260546891e-42
12.107138784194222,4.890403260546891e-42
12.149048649140662,4.93567634573345e-42
12.19110358856021,4.93567634573345e-42
12.275650701306228,4.981368548144716e-42
12.318143884228444,4.981368548144716e-42
12.360784160827317,5.0274837477735773e-42
12.403572040279782,5.0274837477735773e-42
12.446508033525381,5.0274837477735773e-42
12.489592653272272,5.074025860532094e-42
12.532826414003434,5.074025860532094e-42
12.619743425261163,5.120998838583997e-42
12.663427713682955,5.120998838583997e-42
12.707263218891871,5.168406670680343e-42
12.751250464337334,5.168406670680343e-42
12.795389975280779,5.168406670680343e-42
12.839682278801831,5.2162533824982e-42
12.884127903804696,5.2162533824982e-42
12.97348124303309,5.2645430369824513e-42
13.018390024246575,5.2645430369824513e-42
13.063454260930529,5.3132797346908734e-42
13.108674491206928,5.3132797346908734e-42
13.154051255060557,5.3132797346908734e-42
13.199585094345347,5.3624676141423075e-42
13.245276552790953,5.3624676141423075e-42
13.337134511500423,5.412110852168045e-42
13.383302108660486,5.412110852168045e-42
13.429629518786783,5.4622136642665816e-42
13.476117295085178,5.4622136642665816e-42
13.522765992676447,5.4622136642665816e-42
13.569576168603017,5.512780304961541e-42
13.616548381835512,5.512780304961541e-42
13.66368319327953,5.563815068162918e-42
13.710981165782238,5.563815068162918e-42
13.758442864139198,5.563815068162918e-42
13.806068855101005,5.6153222875317714e-42
13.853859707380165,5.6153222875317714e-42
13.949938280590429,5.6673063368481826e-42
13.998227148816994,5.6673063368481826e-42
14.046683172965539,5.719771630382627e-42
14.095306931660115,5.719771630382627e-42
14.144099005527796,5.719771630382627e-42
14.19305997720548,5.772722623270882e-42
14.242190431346977,5.772722623270882e-42
14.291490954629856,5.826163811892307e-42
14.340962135762586,5.826163811892307e-42
14.390604565491438,5.826163811892307e-42
14.440418836607657,5.880099734251622e-42
14.490405543954427,5.880099734251622e-42
14.590898657015156,5.93453497036432e-42
14.641406262739572,5.93453497036432e-42
14.692088704729786,5.989474142645557e-42
14.742946588196055,5.989474142645557e-42
14.845191110879826,6.044921916302633e-42
14.896578971021752,6.044921916302633e-42
14.948144714503169,6.100882999731202e-42
14.999888957081978,6.100882999731202e-42
15.051812316647641,6.100882999731202e-42
15.103915413228428,6.157362144915063e-42
15.156198868998953,6.157362144915063e-42
15.20866330828748,6.214364147829644e-42
15.261309357583496,6.214364147829644e-42
15.31413764554507,6.214364147829644e-42
15.367148803006488,6.271893848849325e-42
15.42034346298566,6.271893848849325e-42
15.473722260691797,6.329956133158421e-42
15.527285833532881,6.329956133158421e-42
15.581034821123398,6.329956133158421e-42
15.634969865291847,6.388555931165989e-42
15.689091610088518,6.388555931165989e-42
15.743400701793135,6.447698218924559e-42
15.797897788922523,6.447698218924559e-42
15.852583522238469,6.447698218924559e-42
15.90745855475536,6.507388018552648e-42
15.96252354174811,6.507388018552648e-42
16.01777914075986,6.56763039866118e-42
16.07322601160995,6.56763039866118e-42
16.18469621953034,6.628430474783962e-42
16.240720887691012,6.628430474783962e-42
16.29693948988666,6.689793409812048e-42
16.353352697436005,6.689793409812048e-42
16.466765625497985,6.751724414432097e-42
16.523766700299443,6.751724414432097e-42
16.58096508904841,6.814228747568932e-42
16.63836147476351,6.814228747568932e-42
16.695956542827627,6.877311716832062e-42
16.753750980996223,6.877311716832062e-42
16.811745479405417,6.877311716832062e-42
16.869940730580353,6.940978678966327e-42
16.928337429443346,6.940978678966327e-42
16.98693627332231,7.005235040306923e-42
17.045737961958945,7.005235040306923e-42
17.1639526845917,7.070086257238309e-42
17.22336713021593,7.070086257238309e-42
17.282987243870913,7.135537836657617e-42
17.342813737493625,7.135537836657617e-42
17.402847325485403,7.201595336442367e-42
17.46308872472062,7.201595336442367e-42
17.523538654555093,7.201595336442367e-42
17.584197836834814,7.268264365922242e-42
17.645066995904447,7.268264365922242e-42
17.706146858616094,7.3355505863555e-42
17.767438154337853,7.3355505863555e-42
17.890657974916877,7.403459711409791e-42
17.952587971169237,7.403459711409791e-42
18.01473234323946,7.471997507647158e-42
18.077091833207252,7.471997507647158e-42
18.139667185721024,7.5411697950138e-42
18.202459148006913,7.5411697950138e-42
18.32869590374127,7.610982447334376e-42
18.39214220461072,7.610982447334376e-42
18.45580813011225,7.681441392810574e-42
18.519694440494696,7.681441392810574e-42
18.583801898638626,7.752552614524692e-42
18.648131270065367,7.752552614524692e-42
18.77745882811124,7.824322150947626e-42
18.842458559059303,7.824322150947626e-42
18.90768329196649,7.896756096451588e-42
18.9731338056957,7.896756096451588e-42
19.038810881806015,7.96986060182771e-42
19.104715304561864,7.96986060182771e-42
19.17084786094256,8.043641874808295e-42
19.237209340651518,8.043641874808295e-42
19.303800536125863,8.043641874808295e-42
19.370622242545732,8.1181061805939e-42
19.437675257843917,8.1181061805939e-42
19.504960382715247,8.193259842385459e-42
19.57247842062629,8.193259842385459e-42
19.64023017782481,8.269109241921164e-42
19.70821646334955,8.269109241921164e-42
19.844895869544846,8.345660820018327e-42
19.91359062233438,8.345660820018327e-42
19.98252316770757,8.422921077120414e-42
20.051694328803123,8.422921077120414e-42
20.121104931609192,8.500896573848977e-42
20.190755804973076,8.500896573848977e-42
20.260647780611276,8.579593931560716e-42
20.33078169311927,8.579593931560716e-42
20.401158379981634,8.659019832909823e-42
20.47177868158189,8.659019832909823e-42
20.542643441212697,8.659019832909823e-42
20.61375350508576,8.739181022415408e-42
20.685109722342098,8.739181022415408e-42
20.756712945062016,8.820084307034157e-42
20.82856402827546,8.820084307034157e-42
20.900663829972032,8.901736556738458e-42
20.973013211111436,8.901736556738458e-42
21.045613035633565,8.984144705099716e-42
21.118464170469004,8.984144705099716e-42
21.26492385381702,9.06731574987707e-42
21.338534151237024,9.06731574987707e-42
21.41239925680607,9.151256753611722e-42
21.48652005256365,9.151256753611722e-42
21.56089742360261,9.235974844226608e-42
21.635532258079515,9.235974844226608e-42
21.710425447225447,9.321477215631605e-42
21.785577885356478,9.321477215631605e-42
21.860990469884513,9.407771128334537e-42
21.936664101327835,9.407771128334537e-42
22.012599683322012,9.494863910057636e-42
22.08879812263062,9.494863910057636e-42
22.165260329156013,9.494863910057636e-42
22.24198721595032,9.582762956359732e-42
22.318979699226208,9.582762956359732e-42
22.396238698367963,9.671475731264365e-42
22.473765135942315,9.671475731264365e-42
22.55155993770962,9.761009767893545e-42
22.629624032634737,9.761009767893545e-42
22.70795835289832,9.851372669107373e-42
22.78656383390774,9.851372669107373e-42
22.865441414308442,9.942572108149761e-42
22.944592035994997,9.942572108149761e-42
23.024016644122508,1.0034615829299953e-41
23.10371618711771,1.0034615829299953e-41
23.263943887845084,1.012751164853008e-41
23.34447395889162,1.012751164853008e-41
23.425282791457416,1.0221267454168979e-41
23.50637135049864,1.0221267454168979e-41
23.587740604311634,1.0315891207571975e-41
23.66939152454468,1.0315891207571975e-41
23.7513250862094,1.0411390943796866e-41
23.83354226769259,1.0411390943796866e-41
23.916044050767734,1.0507774772286355e-41
23.99883142060689,1.0507774772286355e-41
24.081905365792277,1.0605050877556596e-41
24.165266878328268,1.0605050877556596e-41
24.248916953653048,1.0703227519892122e-41
24.33285659065069,1.0703227519892122e-41
24.417086791662886,1.0802313036047494e-41
24.501608562501122,1.0802313036047494e-41
24.58642291245848,1.090231583995495e-41
24.671530854321894,1.090231583995495e-41
24.842631582455695,1.1003244423439012e-41
25.01491891953325,1.1105107356937706e-41
25.1015101358603,1.1105107356937706e-41
25.1884010948637,1.1207913290230066e-41
25.275592834127533,1.1207913290230066e-41
25.36308639482766,1.1311670953170768e-41
25.45088282174397,1.1311670953170768e-41
25.53898316327303,1.1416389156431567e-41
25.62738847144043,1.1416389156431567e-41
25.71609980191353,1.15220767922492e-41
25.805118214013866,1.15220767922492e-41
25.89444477073001,1.1628742835180594e-41
25.98408053873005,1.1628742835180594e-41
26.07402658837452,1.173639634286512e-41
26.164283993729082,1.173639634286512e-41
26.2548538325773,1.1845046456793399e-41
26.345737186433674,1.1845046456793399e-41
26.43693514055635,1.1954702403083822e-41
26.528448783960297,1.1954702403083822e-41
26.620279209430084,1.2065373493265913e-41
26.712427513533157,1.2065373493265913e-41
26.804894796632716,1.2177069125070943e-41
26.897682162901063,1.2177069125070943e-41
26.990790720332573,1.228979878323009e-41
27.084221580757156,1.228979878323009e-41
27.17797585985329,1.240357204027978e-41
27.272054677161584,1.240357204027978e-41
27.36645915609792,1.2518398557374463e-41
27.461190423967086,1.2518398557374463e-41
27.556249611976014,1.2634288085107153e-41
27.651637855247525,1.2634288085107153e-41
27.747356292833636,1.2751250464337334e-41
27.843406067729408,1.2751250464337334e-41
27.93978832688636,1.2869295627026514e-41
28.036504221226398,1.2869295627026514e-41
28.13355490565531,1.298843359708179e-41
28.230941539076813,1.298843359708179e-41
28.328665284406153,1.310867449120693e-41
28.426727308584205,1.310867449120693e-41
28.525128782591207,1.3230028519761373e-41
28.623870881460945,1.3230028519761373e-41
28.722954784294572,1.3352505987627417e-41
28.822381674274915,1.3352505987627417e-41
28.922152738680367,1.3476117295085178e-41
29.022269168899303,1.3476117295085178e-41
29.12273216044407,1.3600872938695657e-41
29.22354291296549,1.3600872938695657e-41
29.32470263026697,1.3726783512192237e-41
29.426212520319094,1.3726783512192237e-41
29.528073795273816,1.3853859707380163e-41
29.63028767147918,1.3853859707380163e-41
29.732855369493596,1.3982112315044378e-41
29.835778114100656,1.3982112315044378e-41
29.939057134323527,1.411155222586599e-41
30.04269366343986,1.411155222586599e-41
30.14668893899627,1.4242190431346976e-41
30.251044202823383,1.4242190431346976e-41
30.355760701050382,1.4374038024743458e-41
30.460839684120163,1.4374038024743458e-41
30.566282406804007,1.450710620200787e-41
30.67209012821682,1.450710620200787e-41
30.778264111831906,1.4641406262739572e-41
30.88480562549628,1.4641406262739572e-41
30.991715941445722,1.477694961114429e-41
31.098996336319868,1.477694961114429e-41
31.206648091177662,1.491374775700269e-41
31.31467249151242,1.491374775700269e-41
31.423070827267438,1.505181231664764e-41
31.531844392851113,1.505181231664764e-41
31.64099448715268,1.5191155013950547e-41
31.75052241355745,1.5191155013950547e-41
31.860429479962658,1.533178768131707e-41
31.970716998792785,1.533178768131707e-41
32.08138628701552,1.5473722260691793e-41
32.19243866615721,1.5473722260691793e-41
32.303875462318906,1.5616970804572194e-41
32.41569800619193,1.5616970804572194e-41
32.52790763307405,1.576154547703227e-41
32.640505682885134,1.576154547703227e-41
32.753493500183424,1.5907458554755376e-41
32.866872434181346,1.5907458554755376e-41
32.98064383876184,1.605472242807661e-41
33.09480907249432,1.605472242807661e-41
33.20936949865113,1.620334960203515e-41
33.32432648522354,1.620334960203515e-41
33.439681404938376,1.6353352697436022e-41
33.555435635274165,1.6353352697436022e-41
33.67159055847779,1.650474445192167e-41
33.78814756158077,1.650474445192167e-41
33.90510803641611,1.6657537721053976e-41
34.02247337963458,1.6657537721053976e-41
34.14024499272175,1.6811745479405432e-41
34.258424282014374,1.6811745479405432e-41
34.37701265871754,1.6967380821661117e-41
34.49601153892115,1.6967380821661117e-41
34.61542234361721,1.712445696373083e-41
34.73524649871642,1.712445696373083e-41
34.85548543506556,1.728298724387093e-41
34.97614058846425,1.728298724387093e-41
35.097213399682396,1.744298512381716e-41
35.218705314477106,1.744298512381716e-41
35.34061778361024,1.7604464189927988e-41
35.46295226286544,1.7604464189927988e-41
35.585710213065816,1.7767438154337869e-41
35.708893100091096,1.7767438154337869e-41
35.8325023948954,1.793192085612184e-41
35.95653957352455,1.793192085612184e-41
36.08100611713397,1.80979262624709e-41
36.331233249568285,1.826546846987759e-41
36.583195744303794,1.8434561705333258e-41
36.70983151021696,1.8605220327536347e-41
36.83690563633569,1.8605220327536347e-41
36.96441964008029,1.877745882811122e-41
37.092375044123536,1.877745882811122e-41
37.22077337640926,1.895129183283912e-41
37.34961617017023,1.895129183283912e-41
37.47890496394677,1.91267341029e-41
37.60864130160485,1.91267341029e-41
37.7388267323548,1.9303800536125844e-41
37.86946281076954,1.9303800536125844e-41
38.00055109680339,1.9482506168265972e-41
38.132093155810466,1.9482506168265972e-41
38.264090558563616,1.9662866174263703e-41
38.3965448812729,1.9662866174263703e-41
38.52945770560471,1.9844895869544825e-41
38.662830618700376,1.9844895869544825e-41
38.796665213195375,2.002861071131835e-41
38.93096308723808,2.002861071131835e-41
39.065725844509146,2.0214026299888962e-41
39.200955094240335,2.0214026299888962e-41
39.33665245123407,2.040115837998161e-41
39.47281953588239,2.040115837998161e-41
39.60945797418659,2.059002284207873e-41
39.74656939777636,2.059002284207873e-41
39.88415544392958,2.078063572376947e-41
40.02221775559153,2.078063572376947e-41
40.160757981394845,2.0973013211111413e-41
40.299777775678876,2.0973013211111413e-41
40.439278798509775,2.1167171640005286e-41
40.71973119882845,2.136312749758201e-41
40.86068592526027,2.156089742360259e-41
41.00212857816705,2.156089742360259e-41
41.14406084654667,2.1760498211871335e-41
41.28648442524377,2.1760498211871335e-41
41.42940101496967,2.1961946811661827e-41
41.572812322323024,2.1961946811661827e-41
41.71672005980984,2.216526032915601e-41
41.86112594586427,2.216526032915601e-41
42.00603170486882,2.2370456028897077e-41
42.15143906717524,2.2370456028897077e-41
42.29734976912487,2.2577551335255345e-41
42.44376555306972,2.2577551335255345e-41
42.59068816739291,2.2786563833907734e-41
42.738119366529915,2.2786563833907734e-41
42.88606091098916,2.2997511273331346e-41
43.03451456737338,2.2997511273331346e-41
43.18348210840039,2.321041156631045e-41
43.33296531292455,2.321041156631045e-41
43.48296596595785,2.3425282791457415e-41
43.63348585869114,2.3425282791457415e-41
43.78452678851578,2.3642143194748175e-41
43.936090559044786,2.3642143194748175e-41
44.08817898013471,2.386101119107144e-41
44.24079386790688,2.386101119107144e-41
44.39393704476947,2.4081905365792276e-41
44.70181558696198,2.430484447633057e-41
45.01182931253881,2.4529847453753736e-41
45.16764149253491,2.4756933404384046e-41
45.32399302931362,2.4756933404384046e-41
45.48088578990308,2.4986121611421403e-41
45.63832164779448,2.4986121611421403e-41
45.79630248296407,2.5217431536580646e-41
45.95483018189601,2.5217431536580646e-41
46.11390663760445,2.545088282174397e-41
46.273533749656586,2.545088282174397e-41
46.43371342419491,2.5686495290629167e-41
46.5944475739604,2.5686495290629167e-41
46.755738118314945,2.592428895047283e-41
46.91758698326464,2.592428895047283e-41
47.079996101482436,2.6164283993729027e-41
47.24296741233157,2.6164283993729027e-41
47.406502861888384,2.6406500799784596e-41
47.57060440296588,2.6406500799784596e-41
47.735273995136694,2.6650959936688964e-41
47.90051360475692,2.6650959936688964e-41
48.066325204989106,2.6897682162901007e-41
48.232710775826305,2.6897682162901007e-41
48.399672304115256,2.714668842905212e-41
48.567211783580554,2.714668842905212e-41
48.73533121484802,2.7397999879724595e-41
48.904032605469006,2.7397999879724595e-41
49.073317969943986,2.765163785524747e-41
49.41364871334932,2.790762389350896e-41
49.75633970097081,2.816597973178476e-41
49.92857539713875,2.8426727308584143e-41
50.10140730145242,2.8426727308584143e-41
50.27483747773587,2.86898887655133e-41
50.44886799695705,2.86898887655133e-41
50.623500937252906,2.895548644915472e-41
50.798738383953854,2.895548644915472e-41
50.97458242960905,2.922354291296543e-41
51.15103517401098,2.922354291296543e-41
51.32809872422087,2.949408091919189e-41
51.50577519459376,2.949408091919189e-41
51.68406670680349,2.9767123440802724e-41
51.8629753898685,2.9767123440802724e-41
52.04250338017679,3.0042693663439796e-41
52.222652821511836,3.0042693663439796e-41
52.40342586507781,3.0320814987386917e-41
52.58482466952564,3.0320814987386917e-41
52.76685140097842,3.060151102955666e-41
52.94950823305765,3.060151102955666e-41
53.132797346908795,3.088480562549625e-41
53.31672093122776,3.088480562549625e-41
53.501281182286576,3.11707228314113e-41
53.68648030396006,3.11707228314113e-41
53.87232050775173,3.1459286926208457e-41
54.0588040128206,3.1459286926208457e-41
54.245933046007295,3.175052241355742e-41
54.433709841861024,3.175052241355742e-41
54.62213664266588,3.204445402397148e-41
54.81121569846801,3.204445402397148e-41
55.000949267102065,3.234110671690738e-41
55.38238901331071,3.26405056828851e-41
55.76647410077121,3.29426763456268e-41
55.959514375584476,3.3247644364215455e-41
56.15322287531777,3.3247644364215455e-41
56.3476019130872,3.355543563527413e-41
56.542653810015665,3.355543563527413e-41
56.73838089526105,3.3866076295164816e-41
56.9347855060436,3.3866076295164816e-41
57.13186998767428,3.417959272220762e-41
57.329636693582266,3.417959272220762e-41
57.52808798534361,3.449601153892112e-41
57.72722623270889,3.449601153892112e-41
57.927053813632014,3.4815359614282794e-41
58.12757311429815,3.4815359614282794e-41
58.328786529152666,3.5137664066010456e-41
58.53069646092926,3.5137664066010456e-41
58.733305320679165,3.54629522628654e-41
58.936615527799376,3.54629522628654e-41
59.140629510062105,3.5791251826976206e-41
59.34534970364326,3.5791251826976206e-41
59.55077855315199,3.612259063618408e-41
59.756918511659464,3.612259063618408e-41
59.96377204072855,3.6456996826410597e-41
60.17134161044281,3.6456996826410597e-41
60.37962969943638,3.6794498794046617e-41
60.58863879492339,3.6794498794046617e-41
60.79837139272749,3.713512519836342e-41
61.00882999731208,3.713512519836342e-41
61.220017121809704,3.747890496394673e-41
61.431935288052586,3.747890496394673e-41
61.644587026602224,3.7825867283152687e-41
61.857974876780126,3.7825867283152687e-41
62.07210138669761,3.817604161858648e-41
62.28696911328675,3.817604161858648e-41
62.50258062233039,3.8529457705604674e-41
62.71893848849331,3.8529457705604674e-41
62.93604529535244,3.8886145554839973e-41
63.15390363542826,3.8886145554839973e-41
63.372516110215166,3.924613545474936e-41
63.591885330213145,3.924613545474936e-41
63.81201391495837,3.9609457974186545e-41
64.03290449305501,3.9609457974186545e-41
64.25455970220614,3.9976143964997506e-41
64.47698218924566,3.9976143964997506e-41
64.70017461016951,4.034622456463997e-41
65.14887992365615,4.0719731198828397e-41
65.60069707508704,4.1096695584201434e-41
66.05564764552017,4.147714973101565e-41
66.51375336568135,4.1861125945864225e-41
66.74399623894192,4.2248656834419303e-41
66.97503611700225,4.2248656834419303e-41
67.20687575876069,4.2639775304201205e-41
67.43951793266547,4.2639775304201205e-41
67.67296541674831,4.303451456737333e-41
67.90722099865702,4.303451456737333e-41
68.1422874756894,4.343290814356137e-41
68.37816765482602,4.343290814356137e-41
68.61486435276433,4.3834989862700145e-41
68.85238039595173,4.3834989862700145e-41
69.09071862061991,4.424079386790688e-41
69.32988187281809,4.424079386790688e-41
69.56987300844763,4.4650354618379283e-41
69.81069489329555,4.4650354618379283e-41
70.0523504030693,4.5063706892322736e-41
70.29484242343055,4.5063706892322736e-41
70.53817385003022,4.548088578990307e-41
70.78234758854245,4.548088578990307e-41
71.02736655469995,4.590192673622694e-41
71.27323367432815,4.590192673622694e-41
71.51995188338071,4.632686548435045e-41
71.76752412797431,4.632686548435045e-41
72.01595336442367,4.675573811831495e-41
72.26524255927731,4.675573811831495e-41
72.5153946893524,4.718858105621077e-41
72.76641274177095,4.718858105621077e-41
73.01829971399478,4.762543105327038e-41
73.27105861386204,4.762543105327038e-41
73.5246924596224,4.806632520498909e-41
73.77920427997378,4.806632520498909e-41
74.03459711409792,4.851130095027488e-41
74.29087401169716,4.851130095027488e-41
74.54803803303042,4.896039607462798e-41
74.80609224895021,4.896039607462798e-41
75.06503974093876,4.941364871334932e-41
75.32488360114542,4.941364871334932e-41
75.58562693242295,4.987109735477843e-41
75.84727284836522,4.987109735477843e-41
76.10982447334375,5.033278084356235e-41
76.37328494254562,5.033278084356235e-41
76.63765740201033,5.079873838395385e-41
76.90294500866797,5.079873838395385e-41
77.16915093037628,5.126900954314017e-41
77.43627834595911,5.126900954314017e-41
77.70433044524377,5.174363425460354e-41
77.97331042909974,5.174363425460354e-41
78.24322150947627,5.222265282151183e-41
78.51406690944133,5.222265282151183e-41
78.78584986321948,5.270610592014066e-41
79.05857361623119,5.270610592014066e-41
79.33224142513083,5.319403460332801e-41
79.60685655784634,5.319403460332801e-41
79.8824222936175,5.368648030396006e-41
80.15894192303575,5.368648030396006e-41
80.43641874808296,5.418348483848905e-41
80.71485608217128,5.418348483848905e-41
80.99425725018227,5.46850904104849e-41
81.27462558850716,5.46850904104849e-41
81.55596444508602,5.519133961421861e-41
81.83827717944844,5.519133961421861e-41
82.12156716275297,5.570227543827882e-41
82.40583777782803,5.570227543827882e-41
82.97733449319266,5.621794126922295e-41
83.55279462309781,5.673838089526105e-41
84.13224565441156,5.726363850997373e-41
84.7157152646274,5.779375871606567e-41
85.00896573848979,5.779375871606567e-41
85.30323132318662,5.832878652915266e-41
85.59851553260842,5.832878652915266e-41
85.89482189280895,5.886876738158386e-41
86.1921539420481,5.886876738158386e-41
86.49051523083334,5.941374712630034e-41
86.7899093219629,5.941374712630034e-41
87.09033979056755,5.996377204072855e-41
87.39181022415409,5.996377204072855e-41
87.69432422264732,6.05188888307094e-41
87.99788539843392,6.05188888307094e-41
88.30249737640474,6.107914463446527e-41
88.60816379399887,6.107914463446527e-41
88.91488830124632,6.164458702660228e-41
89.22267456081237,6.164458702660228e-41
89.53152624804052,6.221526402214975e-41
89.84144705099717,6.221526402214975e-41
90.15244067051489,6.279122408063868e-41
90.46451082023736,6.279122408063868e-41
90.777661226663,6.337251611021522e-41
91.09189562919012,6.337251611021522e-41
91.40721778016095,6.395918947179445e-41
91.72363144490713,6.395918947179445e-41
92.04114040179391,6.455129398325268e-41
92.35974844226608,6.455129398325268e-41
92.6794593708924,6.514887992365621e-41
93.00027700541189,6.514887992365621e-41
93.32220517677857,6.575199803753165e-41
93.64524772920802,6.575199803753165e-41
93.96940852022254,6.636069953917565e-41
94.29469142069792,6.636069953917565e-41
94.62110031490889,6.697503611700232e-41
94.94863910057636,6.697503611700232e-41
95.27731168891312,6.759505993793309e-41
95.60712200467131,6.759505993793309e-41
95.93807398618857,6.822082365182738e-41
96.27017158543579,6.822082365182738e-41
96.9378195134503,6.885238039595166e-41
97.61009767893546,6.948978379949306e-41
97.94798312685595,6.948978379949306e-41
98.28703819327535,7.013308798811293e-41
98.62726692692489,7.013308798811293e-41
98.96867339055123,7.078234758854238e-41
99.31126166096416,7.078234758854238e-41
99.65503582908606,7.143761773322196e-41
100.0,7.143761773322196e-41
