#,m,s
0.0009967,3.858e-41
0.003034,1.534e-40
0.01745,1.549e-39
0.06227,9.318e-39
0.1533,3.579e-38
0.3981,1.157e-37
1.498,3.376e-37
2.83,4.453e-37
5.789,5.118e-37
10.37,5.681e-37
20.12,6.995e-37
36.04,9.549e-37
64.58,1.496e-36
98.68,1.841e-36
167.7,2.044e-36
300.4,1.91e-36
631.0,1.555e-36
1257.0,1.223e-36
2135.0,8.981e-37
4254.0,5.363e-37
6854.0,4.074e-37
12280.0,2.35e-37
22000.0,1.403e-37
33620.0,1.103e-37
45000.0,1.558e-37
43830.0,3.212e-37
43830.0,7.345e-37
46210.0,1.32e-36
48730.0,2.291e-36
85020.0,2.457e-36
428200.0,2.64e-36
1792000.0,2.647e-36
10030000.0,2.749e-36
