m,s
0.3146279469002601,4.229239782967329e-36
0.4054427314418608,3.16226845399382e-36
0.6083325081448692,1.8738208234796963e-36
1.3556842995643819,6.973215199963129e-37
3.0211765695212423,2.179631674330763e-37
6.399813315400717,6.428076195736168e-38
12.627619031074278,1.895734338367613e-38
29.306242425035762,3.7213977522735206e-39
29.605019819086596,3.944206755351585e-39
29.605019819086596,3.944206755351585e-39
79.99876936769044,6.135920728805661e-40
103.08981992795485,2.7185830349309454e-40
130.17791609263568,1.3530507075652405e-40
162.72475662456316,8.017528419491987e-41
232.08030617736318,3.1622816056799146e-41
262.1210608655754,1.2472702846066737e-41
308.3091532754989,4.379402795543188e-42
377.65244219508895,2.1796407392890357e-42
467.3081925454945,6.207656983955953e-42
590.099068182509,3.470591148078399e-42
867.6123913940953,1.3688785981922796e-42
1250.0190475421427,4.2787166871379945e-43
1856.6163134966514,1.5023386712767327e-43
