mass_ev,eps_lo,eps_hi
# stellar-only band; eps_hi=0 => fill to plot top
0.01,8.1746733e-08,0
0.010040132,8.1122822e-08,0
0.010080425,8.0503672e-08,0
0.01012088,7.9889247e-08,0
0.010161498,7.9279512e-08,0
0.010202278,7.8674431e-08,0
0.010243222,7.8073968e-08,0
0.01028433,7.7478087e-08,0
0.010325603,7.6886755e-08,0
0.010367042,7.6299935e-08,0
0.010408648,7.5717595e-08,0
0.01045042,7.5139699e-08,0
0.01049236,7.4566214e-08,0
0.010534468,7.3997106e-08,0
0.010576745,7.3432341e-08,0
0.010619192,7.2871887e-08,0
0.010661809,7.231571e-08,0
0.010704597,7.1763778e-08,0
0.010747557,7.1216059e-08,0
0.010790689,7.0672519e-08,0
0.010833994,7.0133129e-08,0
0.010877474,6.9597855e-08,0
0.010921127,6.9066666e-08,0
0.010964956,6.8539532e-08,0
0.011008961,6.8016421e-08,0
0.011053142,6.7497302e-08,0
0.011097501,6.6982146e-08,0
0.011142038,6.6470921e-08,0
0.011186753,6.5963598e-08,0
0.011231648,6.5460147e-08,0
0.011276723,6.4960539e-08,0
0.011321979,6.4464743e-08,0
0.011367416,6.3972732e-08,0
0.011413036,6.3484476e-08,0
0.011458839,6.2999946e-08,0
0.011504826,6.2519115e-08,0
0.011550998,6.2041953e-08,0
0.011597354,6.1568433e-08,0
0.011643897,6.1098527e-08,0
0.011690626,6.0632208e-08,0
0.011737543,6.0169447e-08,0
0.011784649,5.9710219e-08,0
0.011831943,5.9254495e-08,0
0.011879427,5.880225e-08,0
0.011927102,5.8353456e-08,0
0.011974968,5.7908088e-08,0
0.012023026,5.7466118e-08,0
0.012071277,5.7027522e-08,0
0.012119722,5.6592274e-08,0
0.012168361,5.6160347e-08,0
0.012217195,5.5731717e-08,0
0.012266226,5.5306359e-08,0
0.012315453,5.4884246e-08,0
0.012364877,5.4465356e-08,0
0.0124145,5.4049662e-08,0
0.012464322,5.3637142e-08,0
0.012514344,5.3227769e-08,0
0.012564567,5.2821521e-08,0
0.012614991,5.2418374e-08,0
0.012665618,5.2018304e-08,0
0.012716448,5.1621287e-08,0
0.012767482,5.12273e-08,0
0.012818721,5.083632e-08,0
0.012870165,5.0448325e-08,0
0.012921816,5.006329e-08,0
0.012973674,4.9681195e-08,0
0.01302574,4.9302015e-08,0
0.013078015,4.892573e-08,0
0.0131305,4.8552316e-08,0
0.013183196,4.8181752e-08,0
0.013236103,4.7814017e-08,0
0.013289222,4.7449088e-08,0
0.013342554,4.7086945e-08,0
0.013396101,4.6727565e-08,0
0.013449863,4.6370929e-08,0
0.01350384,4.6017014e-08,0
0.013558034,4.56658e-08,0
0.013612445,4.5317267e-08,0
0.013667075,4.4971394e-08,0
0.013721924,4.4628161e-08,0
0.013776993,4.4287548e-08,0
0.013832283,4.3949534e-08,0
0.013887795,4.36141e-08,0
0.013943529,4.3281226e-08,0
0.013999488,4.2950893e-08,0
0.014055671,4.2623081e-08,0
0.014112079,4.229777e-08,0
0.014168714,4.1974943e-08,0
0.014225576,4.165458e-08,0
0.014282667,4.1336661e-08,0
0.014339986,4.1021169e-08,0
0.014397536,4.0708085e-08,0
0.014455316,4.0397391e-08,0
0.014513328,4.0089068e-08,0
0.014571574,3.9783098e-08,0
0.014630052,3.9479463e-08,0
0.014688766,3.9178146e-08,0
0.014747715,3.8879128e-08,0
0.014806901,3.8582393e-08,0
0.014866324,3.8287922e-08,0
0.014925986,3.7995699e-08,0
0.014985887,3.7705706e-08,0
0.015046029,3.7417927e-08,0
0.015106412,3.7132344e-08,0
0.015167037,3.684894e-08,0
0.015227906,3.65677e-08,0
0.015289019,3.6288606e-08,0
0.015350377,3.6011642e-08,0
0.015411981,3.5736792e-08,0
0.015473833,3.546404e-08,0
0.015535933,3.5193369e-08,0
0.015598282,3.4924764e-08,0
0.015660881,3.465821e-08,0
0.015723732,3.4393689e-08,0
0.015786835,3.4131188e-08,0
0.015850191,3.387069e-08,0
0.015913801,3.361218e-08,0
0.015977666,3.3355644e-08,0
0.016041788,3.3101065e-08,0
0.016106167,3.2848429e-08,0
0.016170805,3.2597722e-08,0
0.016235702,3.2348928e-08,0
0.016300859,3.2102032e-08,0
0.016366278,3.1857021e-08,0
0.01643196,3.1613881e-08,0
0.016497905,3.1372595e-08,0
0.016564114,3.1133152e-08,0
0.01663059,3.0895536e-08,0
0.016697332,3.0659733e-08,0
0.016764342,3.042573e-08,0
0.016831621,3.0193513e-08,0
0.01689917,2.9963069e-08,0
0.01696699,2.9734383e-08,0
0.017035082,2.9507443e-08,0
0.017103448,2.9282234e-08,0
0.017172088,2.9058745e-08,0
0.017241003,2.8836961e-08,0
0.017310195,2.861687e-08,0
0.017379664,2.8398459e-08,0
0.017449413,2.8181715e-08,0
0.017519441,2.7966625e-08,0
0.01758975,2.7753176e-08,0
0.017660342,2.7541357e-08,0
0.017731217,2.7331154e-08,0
0.017802376,2.7122556e-08,0
0.017873821,2.691555e-08,0
0.017945552,2.6710124e-08,0
0.018017572,2.6506265e-08,0
0.01808988,2.6303963e-08,0
0.018162479,2.6103204e-08,0
0.018235369,2.5903978e-08,0
0.018308551,2.5706272e-08,0
0.018382028,2.5510075e-08,0
0.018455799,2.5315376e-08,0
0.018529866,2.5122162e-08,0
0.01860423,2.4930424e-08,0
0.018678893,2.4740148e-08,0
0.018753855,2.4551325e-08,0
0.018829119,2.4363943e-08,0
0.018904684,2.4177991e-08,0
0.018980553,2.3993459e-08,0
0.019056726,2.3810335e-08,0
0.019133205,2.3628608e-08,0
0.01920999,2.3448269e-08,0
0.019287084,2.3269306e-08,0
0.019364487,2.3091708e-08,0
0.019442201,2.2915467e-08,0
0.019520227,2.274057e-08,0
0.019598566,2.2567008e-08,0
0.019677219,2.2394771e-08,0
0.019756188,2.2223848e-08,0
0.019835474,2.205423e-08,0
0.019915078,2.1885907e-08,0
0.019995002,2.1718868e-08,0
0.020075246,2.1553104e-08,0
0.020155813,2.1388605e-08,0
0.020236702,2.1225362e-08,0
0.020317916,2.1063365e-08,0
0.020399457,2.0902604e-08,0
0.020481324,2.074307e-08,0
0.02056352,2.0584753e-08,0
0.020646046,2.0427645e-08,0
0.020728903,2.0271736e-08,0
0.020812093,2.0117017e-08,0
0.020895616,1.9963479e-08,0
0.020979475,1.9811113e-08,0
0.02106367,1.9659909e-08,0
0.021148203,1.950986e-08,0
0.021233076,1.9360956e-08,0
0.021318288,1.9213188e-08,0
0.021403843,1.9066548e-08,0
0.021489742,1.8921027e-08,0
0.021575985,1.8776617e-08,0
0.021662574,1.8633309e-08,0
0.02174951,1.8491095e-08,0
0.021836796,1.8349966e-08,0
0.021924432,1.8209915e-08,0
0.022012419,1.8070932e-08,0
0.02210076,1.793301e-08,0
0.022189455,1.7796141e-08,0
0.022278506,1.7660316e-08,0
0.022367915,1.7525528e-08,0
0.022457682,1.7391769e-08,0
0.02254781,1.725903e-08,0
0.022638299,1.7127305e-08,0
0.022729151,1.6996585e-08,0
0.022820368,1.6866863e-08,0
0.022911951,1.6738131e-08,0
0.023003902,1.6610381e-08,0
0.023096222,1.6483606e-08,0
0.023188912,1.6357799e-08,0
0.023281974,1.6232952e-08,0
0.02337541,1.6109058e-08,0
0.02346922,1.598611e-08,0
0.023563407,1.58641e-08,0
0.023657973,1.5743021e-08,0
0.023752917,1.5622866e-08,0
0.023848243,1.5503629e-08,0
0.023943951,1.5385301e-08,0
0.024040043,1.5267877e-08,0
0.024136521,1.5151348e-08,0
0.024233386,1.5035709e-08,0
0.02433064,1.4920953e-08,0
0.024428284,1.4807072e-08,0
0.02452632,1.4694061e-08,0
0.02462475,1.4581912e-08,0
0.024723574,1.4470619e-08,0
0.024822795,1.4360176e-08,0
0.024922415,1.4250575e-08,0
0.025022434,1.4141811e-08,0
0.025122854,1.4033878e-08,0
0.025223678,1.3926767e-08,0
0.025324906,1.3820475e-08,0
0.02542654,1.3714993e-08,0
0.025528582,1.3610317e-08,0
0.025631034,1.350644e-08,0
0.025733897,1.3403355e-08,0
0.025837173,1.3301057e-08,0
0.025940863,1.319954e-08,0
0.026044969,1.3098798e-08,0
0.026149494,1.2998825e-08,0
0.026254437,1.2899614e-08,0
0.026359802,1.2801161e-08,0
0.02646559,1.270346e-08,0
0.026571802,1.2606503e-08,0
0.02667844,1.2510287e-08,0
0.026785507,1.2414806e-08,0
0.026893003,1.2320053e-08,0
0.02700093,1.2226023e-08,0
0.027109291,1.2132711e-08,0
0.027218086,1.2040111e-08,0
0.027327318,1.1948218e-08,0
0.027436989,1.1857026e-08,0
0.027547099,1.176653e-08,0
0.027657652,1.1676725e-08,0
0.027768648,1.1587605e-08,0
0.02788009,1.1499166e-08,0
0.027991979,1.1411401e-08,0
0.028104317,1.1324306e-08,0
0.028217105,1.1237876e-08,0
0.028330347,1.1152106e-08,0
0.028444043,1.106699e-08,0
0.028558195,1.0982524e-08,0
0.028672805,1.0898703e-08,0
0.028787875,1.0815521e-08,0
0.028903407,1.0732974e-08,0
0.029019403,1.0651058e-08,0
0.029135864,1.0569766e-08,0
0.029252793,1.0489095e-08,0
0.02937019,1.040904e-08,0
0.029488059,1.0329595e-08,0
0.029606401,1.0250757e-08,0
0.029725218,1.0172521e-08,0
0.029844512,1.0094881e-08,0
0.029964285,1.0017835e-08,0
0.030084538,9.941376e-09,0
0.030205274,9.8655009e-09,0
0.030326494,9.7902049e-09,0
0.030448201,9.7154835e-09,0
0.030570396,9.6413325e-09,0
0.030693082,9.5677474e-09,0
0.03081626,9.4947239e-09,0
0.030939932,9.4222578e-09,0
0.031064101,9.3503447e-09,0
0.031188768,9.2789805e-09,0
0.031313935,9.208161e-09,0
0.031439605,9.1378819e-09,0
0.031565779,9.0681393e-09,0
0.031692459,8.998929e-09,0
0.031819648,8.9302468e-09,0
0.031947347,8.8620889e-09,0
0.032075559,8.7944512e-09,0
0.032204285,8.7273297e-09,0
0.032333528,8.6607205e-09,0
0.032463289,8.5946197e-09,0
0.032593571,8.5290234e-09,0
0.032724377,8.4639277e-09,0
0.032855707,8.3993289e-09,0
0.032987564,8.3352231e-09,0
0.03311995,8.2716065e-09,0
0.033252868,8.2084755e-09,0
0.033386319,8.1458263e-09,0
0.033520305,8.0836553e-09,0
0.033654829,8.0219588e-09,0
0.033789894,7.9607332e-09,0
0.0339255,7.8999749e-09,0
0.03406165,7.8396802e-09,0
0.034198347,7.7798458e-09,0
0.034335592,7.720468e-09,0
0.034473389,7.6615435e-09,0
0.034611738,7.6030686e-09,0
0.034750642,7.5450401e-09,0
0.034890104,7.4874544e-09,0
0.035030126,7.4303083e-09,0
0.035170709,7.3735983e-09,0
0.035311857,7.3173211e-09,0
0.035453571,7.2614734e-09,0
0.035595854,7.206052e-09,0
0.035738708,7.1510536e-09,0
0.035882135,7.0964749e-09,0
0.036026138,7.0423128e-09,0
0.036170719,6.9885641e-09,0
0.03631588,6.9352256e-09,0
0.036461623,6.8822942e-09,0
0.036607952,6.8297668e-09,0
0.036754867,6.7776403e-09,0
0.036902373,6.7259116e-09,0
0.03705047,6.6745777e-09,0
0.037199162,6.6236357e-09,0
0.03734845,6.5730824e-09,0
0.037498337,6.522915e-09,0
0.037648826,6.4731304e-09,0
0.037799919,6.4237258e-09,0
0.037951619,6.3746983e-09,0
0.038103927,6.326045e-09,0
0.038256846,6.277763e-09,0
0.038410379,6.2298496e-09,0
0.038564528,6.1823018e-09,0
0.038719296,6.1351169e-09,0
0.038874685,6.0882921e-09,0
0.039030698,6.0418247e-09,0
0.039187337,5.995712e-09,0
0.039344604,5.9499512e-09,0
0.039502502,5.9045396e-09,0
0.039661034,5.8594747e-09,0
0.039820203,5.8147537e-09,0
0.03998001,5.770374e-09,0
0.040140458,5.726333e-09,0
0.040301551,5.6826282e-09,0
0.04046329,5.639257e-09,0
0.040625678,5.5962167e-09,0
0.040788718,5.553505e-09,0
0.040952412,5.5111192e-09,0
0.041116762,5.4690569e-09,0
0.041281773,5.4273157e-09,0
0.041447446,5.3858931e-09,0
0.041613783,5.3447865e-09,0
0.041780789,5.3039938e-09,0
0.041948464,5.2635124e-09,0
0.042116812,5.2233399e-09,0
0.042285836,5.183474e-09,0
0.042455538,5.1439124e-09,0
0.042625922,5.1046528e-09,0
0.042796989,5.0656928e-09,0
0.042968743,5.0270301e-09,0
0.043141185,4.9886626e-09,0
0.04331432,4.9505878e-09,0
0.04348815,4.9128037e-09,0
0.043662678,4.8753079e-09,0
0.043837906,4.8380983e-09,0
0.044013837,4.8011727e-09,0
0.044190474,4.764529e-09,0
0.04436782,4.7281649e-09,0
0.044545877,4.6920783e-09,0
0.04472465,4.6562672e-09,0
0.04490414,4.6207294e-09,0
0.04508435,4.5854628e-09,0
0.045265283,4.5504654e-09,0
0.045446942,4.5157351e-09,0
0.045629331,4.4812698e-09,0
0.045812451,4.4470676e-09,0
0.045996307,4.4131265e-09,0
0.0461809,4.3794444e-09,0
0.046366234,4.3460193e-09,0
0.046552312,4.3128494e-09,0
0.046739136,4.2799327e-09,0
0.046926711,4.2472671e-09,0
0.047115038,4.2148509e-09,0
0.047304121,4.1826821e-09,0
0.047493962,4.1507588e-09,0
0.047684566,4.1190791e-09,0
0.047875934,4.0876413e-09,0
0.048068071,4.0564434e-09,0
0.048260979,4.0254836e-09,0
0.04845466,3.9947601e-09,0
0.04864912,3.964271e-09,0
0.048844359,3.9340147e-09,0
0.049040382,3.9039893e-09,0
0.049237192,3.8741931e-09,0
0.049434791,3.8446242e-09,0
0.049633184,3.8152811e-09,0
0.049832373,3.7861619e-09,0
0.050032361,3.7572649e-09,0
0.050233152,3.7285885e-09,0
0.050434748,3.700131e-09,0
0.050637154,3.6718907e-09,0
0.050840372,3.6438659e-09,0
0.051044405,3.616055e-09,0
0.051249258,3.5884563e-09,0
0.051454932,3.5610683e-09,0
0.051661432,3.5338893e-09,0
0.051868761,3.5069178e-09,0
0.052076921,3.4801521e-09,0
0.052285917,3.4535907e-09,0
0.052495752,3.427232e-09,0
0.052706429,3.4010745e-09,0
0.052917951,3.3751166e-09,0
0.053130323,3.3493569e-09,0
0.053343546,3.3237937e-09,0
0.053557625,3.2984257e-09,0
0.053772564,3.2732513e-09,0
0.053988365,3.248269e-09,0
0.054205032,3.2234774e-09,0
0.054422569,3.198875e-09,0
0.054640978,3.1744604e-09,0
0.054860264,3.1502321e-09,0
0.05508043,3.1261887e-09,0
0.05530148,3.1023288e-09,0
0.055523417,3.0786511e-09,0
0.055746245,3.055154e-09,0
0.055969967,3.0318363e-09,0
0.056194586,3.0086966e-09,0
0.056420107,2.9857334e-09,0
0.056646534,2.9629456e-09,0
0.056873868,2.9403316e-09,0
0.057102116,2.9178902e-09,0
0.057331279,2.8956202e-09,0
0.057561362,2.8735201e-09,0
0.057792368,2.8515886e-09,0
0.058024301,2.8298246e-09,0
0.058257166,2.8082266e-09,0
0.058490964,2.7867935e-09,0
0.058725701,2.765524e-09,0
0.05896138,2.7444168e-09,0
0.059198005,2.7234707e-09,0
0.05943558,2.7026845e-09,0
0.059674108,2.682057e-09,0
0.059913593,2.6615868e-09,0
0.060154039,2.6412729e-09,0
0.06039545,2.621114e-09,0
0.06063783,2.601109e-09,0
0.060881183,2.5812567e-09,0
0.061125513,2.5615559e-09,0
0.061370823,2.5420055e-09,0
0.061617117,2.5226042e-09,0
0.0618644,2.5033511e-09,0
0.062112675,2.4842449e-09,0
0.062361947,2.4652845e-09,0
0.062612219,2.4464688e-09,0
0.062863496,2.4277967e-09,0
0.063115781,2.4092672e-09,0
0.063369078,2.390879e-09,0
0.063623392,2.3726312e-09,0
0.063878726,2.3545227e-09,0
0.064135086,2.3365524e-09,0
0.064392474,2.3187192e-09,0
0.064650895,2.3010222e-09,0
0.064910353,2.2834602e-09,0
0.065170852,2.2660322e-09,0
0.065432397,2.2487373e-09,0
0.065694992,2.2315744e-09,0
0.06595864,2.2145424e-09,0
0.066223346,2.1976405e-09,0
0.066489115,2.1808675e-09,0
0.06675595,2.1642226e-09,0
0.067023856,2.1477047e-09,0
0.067292838,2.1313129e-09,0
0.067562899,2.1150461e-09,0
0.067834043,2.0989036e-09,0
0.068106276,2.0828842e-09,0
0.068379601,2.0669871e-09,0
0.068654024,2.0512113e-09,0
0.068929547,2.035556e-09,0
0.069206176,2.0200201e-09,0
0.069483916,2.0046028e-09,0
0.06976277,1.9893031e-09,0
0.070042743,1.9741203e-09,0
0.07032384,1.9590533e-09,0
0.070606065,1.9441013e-09,0
0.070889422,1.9292634e-09,0
0.071173917,1.9145388e-09,0
0.071459553,1.8999265e-09,0
0.071746336,1.8854258e-09,0
0.07203427,1.8710358e-09,0
0.072323359,1.8567556e-09,0
0.072613609,1.8425843e-09,0
0.072905023,1.8285213e-09,0
0.073197607,1.8145655e-09,0
0.073491364,1.8007163e-09,0
0.073786301,1.7869728e-09,0
0.074082422,1.7733341e-09,0
0.074379731,1.7597996e-09,0
0.074678233,1.7463684e-09,0
0.074977933,1.7330396e-09,0
0.075278836,1.7198126e-09,0
0.075580946,1.7066866e-09,0
0.075884269,1.6936607e-09,0
0.076188809,1.6807343e-09,0
0.076494571,1.6679065e-09,0
0.07680156,1.6551766e-09,0
0.077109782,1.6425439e-09,0
0.07741924,1.6300076e-09,0
0.077729941,1.6175669e-09,0
0.078041888,1.6052212e-09,0
0.078355087,1.5929698e-09,0
0.078669543,1.5808118e-09,0
0.078985261,1.5687467e-09,0
0.079302246,1.5567736e-09,0
0.079620503,1.5448919e-09,0
0.079940038,1.5331009e-09,0
0.080260854,1.5213999e-09,0
0.080582959,1.5097882e-09,0
0.080906356,1.4982651e-09,0
0.08123105,1.48683e-09,0
0.081557048,1.4754821e-09,0
0.081884355,1.4642208e-09,0
0.082212974,1.4530455e-09,0
0.082542913,1.4419555e-09,0
0.082874176,1.4309501e-09,0
0.083206768,1.4200288e-09,0
0.083540695,1.4091907e-09,0
0.083875962,1.3984354e-09,0
0.084212574,1.3877622e-09,0
0.084550537,1.3771705e-09,0
0.084889857,1.3666596e-09,0
0.085230539,1.3562289e-09,0
0.085572587,1.3458778e-09,0
0.085916009,1.3356057e-09,0
0.086260808,1.325412e-09,0
0.086606992,1.3152961e-09,0
0.086954565,1.3052575e-09,0
0.087303532,1.2952954e-09,0
0.0876539,1.2854094e-09,0
0.088005675,1.2755988e-09,0
0.08835886,1.2658631e-09,0
0.088713464,1.2562017e-09,0
0.08906949,1.2466141e-09,0
0.089426946,1.2370996e-09,0
0.089785835,1.2276577e-09,0
0.090146165,1.218288e-09,0
0.090507942,1.2089897e-09,0
0.09087117,1.1997624e-09,0
0.091235856,1.1906055e-09,0
0.091602005,1.1815185e-09,0
0.091969624,1.1725008e-09,0
0.092338718,1.163552e-09,0
0.092709293,1.1546715e-09,0
0.093081356,1.1458587e-09,0
0.093454912,1.1371132e-09,0
0.093829967,1.1284345e-09,0
0.094206527,1.119822e-09,0
0.094584598,1.1112752e-09,0
0.094964187,1.1027937e-09,0
0.095345299,1.0943769e-09,0
0.09572794,1.0860243e-09,0
0.096112117,1.0777355e-09,0
0.096497836,1.06951e-09,0
0.096885103,1.0613472e-09,0
0.097273924,1.0532467e-09,0
0.097664305,1.0452081e-09,0
0.098056253,1.0372308e-09,0
0.098449774,1.0293144e-09,0
0.098844875,1.0214584e-09,0
0.099241561,1.0136624e-09,0
0.099639839,1.0059258e-09,0
0.10003972,9.9824834e-10,0
0.1004412,9.9062946e-10,0
0.10084429,9.8306872e-10,0
0.101249,9.7556569e-10,0
0.10165533,9.6811993e-10,0
0.1020633,9.6073099e-10,0
0.1024729,9.5339845e-10,0
0.10288415,9.4612187e-10,0
0.10329704,9.3890083e-10,0
0.1037116,9.317349e-10,0
0.10412781,9.2462366e-10,0
0.1045457,9.175667e-10,0
0.10496527,9.1056359e-10,0
0.10538651,9.0361394e-10,0
0.10580945,8.9671733e-10,0
0.10623409,8.8987336e-10,0
0.10666043,8.8308162e-10,0
0.10708848,8.7634171e-10,0
0.10751825,8.6965325e-10,0
0.10794975,8.6301584e-10,0
0.10838297,8.5642908e-10,0
0.10881794,8.498926e-10,0
0.10925465,8.43406e-10,0
0.10969311,8.3696891e-10,0
0.11013333,8.3058095e-10,0
0.11057532,8.2424175e-10,0
0.11101908,8.1795092e-10,0
0.11146463,8.1170811e-10,0
0.11191196,8.0551295e-10,0
0.11236109,7.9936507e-10,0
0.11281202,7.9326411e-10,0
0.11326475,7.8720972e-10,0
0.11371931,7.8120154e-10,0
0.11417569,7.7523921e-10,0
0.1146339,7.6932239e-10,0
0.11509395,7.6345072e-10,0
0.11555585,7.5762387e-10,0
0.1160196,7.5184149e-10,0
0.11648521,7.4610325e-10,0
0.11695269,7.404088e-10,0
0.11742205,7.3475781e-10,0
0.11789329,7.2914995e-10,0
0.11836642,7.235849e-10,0
0.11884145,7.1806231e-10,0
0.11931839,7.1258188e-10,0
0.11979724,7.0714327e-10,0
0.12027801,7.0174617e-10,0
0.12076071,6.9639027e-10,0
0.12124535,6.9107524e-10,0
0.12173194,6.8580078e-10,0
0.12222047,6.8056657e-10,0
0.12271097,6.7537232e-10,0
0.12320344,6.702177e-10,0
0.12369788,6.6510243e-10,0
0.12419431,6.600262e-10,0
0.12469272,6.5498871e-10,0
0.12519314,6.4998967e-10,0
0.12569557,6.4502879e-10,0
0.12620002,6.4010576e-10,0
0.12670648,6.3522031e-10,0
0.12721498,6.3037215e-10,0
0.12772553,6.2556099e-10,0
0.12823812,6.2078655e-10,0
0.12875276,6.1604855e-10,0
0.12926948,6.1134671e-10,0
0.12978826,6.0668076e-10,0
0.13030913,6.0205042e-10,0
0.13083209,5.9745541e-10,0
0.13135715,5.9289548e-10,0
0.13188431,5.8837035e-10,0
0.13241359,5.8387976e-10,0
0.132945,5.7942344e-10,0
0.13347854,5.7500114e-10,0
0.13401421,5.7061258e-10,0
0.13455204,5.6625752e-10,0
0.13509203,5.619357e-10,0
0.13563418,5.5764686e-10,0
0.13617851,5.5339076e-10,0
0.13672503,5.4916714e-10,0
0.13727373,5.4497576e-10,0
0.13782464,5.4081637e-10,0
0.13837776,5.3668872e-10,0
0.1389331,5.3259257e-10,0
0.13949067,5.2852769e-10,0
0.14005048,5.2449383e-10,0
0.14061253,5.2049076e-10,0
0.14117684,5.1651825e-10,0
0.14174341,5.1257605e-10,0
0.14231226,5.0866394e-10,0
0.14288339,5.0478168e-10,0
0.14345681,5.0092906e-10,0
0.14403254,4.9710584e-10,0
0.14461057,4.9331181e-10,0
0.14519092,4.8954672e-10,0
0.14577361,4.8581038e-10,0
0.14635863,4.8210255e-10,0
0.146946,4.7842302e-10,0
0.14753572,4.7477158e-10,0
0.14812782,4.71148e-10,0
0.14872229,4.6755208e-10,0
0.14931914,4.639836e-10,0
0.14991839,4.6044236e-10,0
0.15052005,4.5692815e-10,0
0.15112412,4.5344076e-10,0
0.15173061,4.4997998e-10,0
0.15233954,4.4654562e-10,0
0.15295091,4.4313747e-10,0
0.15356473,4.3975533e-10,0
0.15418102,4.3639901e-10,0
0.15479979,4.330683e-10,0
0.15542103,4.2976301e-10,0
0.15604477,4.2648295e-10,0
0.15667101,4.2322793e-10,0
0.15729977,4.1999774e-10,0
0.15793104,4.1679221e-10,0
0.15856486,4.1361115e-10,0
0.15920121,4.1045436e-10,0
0.15984012,4.0732167e-10,0
0.16048159,4.0421289e-10,0
0.16112564,4.0112783e-10,0
0.16177227,3.9806632e-10,0
0.1624215,3.9502818e-10,0
0.16307333,3.9201323e-10,0
0.16372778,3.8902128e-10,0
0.16438486,3.8605217e-10,0
0.16504457,3.8310572e-10,0
0.16570693,3.8018176e-10,0
0.16637195,3.7728012e-10,0
0.16703963,3.7440062e-10,0
0.16771,3.715431e-10,0
0.16838306,3.6870739e-10,0
0.16905882,3.6589332e-10,0
0.16973729,3.6310073e-10,0
0.17041848,3.6032945e-10,0
0.1711024,3.5757933e-10,0
0.17178908,3.5485019e-10,0
0.1724785,3.5214188e-10,0
0.1731707,3.4945425e-10,0
0.17386567,3.4678712e-10,0
0.17456343,3.4414036e-10,0
0.17526399,3.4151379e-10,0
0.17596736,3.3890727e-10,0
0.17667356,3.3632064e-10,0
0.17738259,3.3375376e-10,0
0.17809446,3.3120647e-10,0
0.17880919,3.2867861e-10,0
0.17952679,3.2617006e-10,0
0.18024727,3.2368064e-10,0
0.18097065,3.2121023e-10,0
0.18169692,3.1875867e-10,0
0.18242611,3.1632582e-10,0
0.18315823,3.1391155e-10,0
0.18389328,3.1151569e-10,0
0.18463128,3.0913813e-10,0
0.18537225,3.067787e-10,0
0.18611619,3.0443729e-10,0
0.18686311,3.0211375e-10,0
0.18761304,2.9980794e-10,0
0.18836597,2.9751973e-10,0
0.18912192,2.9524898e-10,0
0.18988091,2.9299557e-10,0
0.19064294,2.9075935e-10,0
0.19140803,2.885402e-10,0
0.1921762,2.8633799e-10,0
0.19294744,2.8415259e-10,0
0.19372178,2.8198386e-10,0
0.19449923,2.7983169e-10,0
0.1952798,2.7769594e-10,0
0.1960635,2.755765e-10,0
0.19685034,2.7347323e-10,0
0.19764035,2.7138601e-10,0
0.19843352,2.6931472e-10,0
0.19922988,2.6725924e-10,0
0.20002943,2.6521945e-10,0
0.20083219,2.6319523e-10,0
0.20163817,2.6118646e-10,0
0.20244739,2.5919302e-10,0
0.20325986,2.5721479e-10,0
0.20407558,2.5525166e-10,0
0.20489458,2.5330352e-10,0
0.20571687,2.5137024e-10,0
0.20654246,2.4945172e-10,0
0.20737136,2.4754784e-10,0
0.20820358,2.4565849e-10,0
0.20903915,2.4378356e-10,0
0.20987807,2.4192294e-10,0
0.21072036,2.4007653e-10,0
0.21156602,2.382442e-10,0
0.21241508,2.3642586e-10,0
0.21326755,2.346214e-10,0
0.21412344,2.3283071e-10,0
0.21498276,2.3105369e-10,0
0.21584554,2.2929023e-10,0
0.21671177,2.2754022e-10,0
0.21758148,2.2580358e-10,0
0.21845469,2.2408019e-10,0
0.21933139,2.2236995e-10,0
0.22021162,2.2067277e-10,0
0.22109537,2.1898854e-10,0
0.22198268,2.1731716e-10,0
0.22287354,2.1565854e-10,0
0.22376798,2.1401258e-10,0
0.22466601,2.1237918e-10,0
0.22556765,2.1075825e-10,0
0.2264729,2.0914969e-10,0
0.22738178,2.0755341e-10,0
0.22829432,2.0596931e-10,0
0.22921051,2.043973e-10,0
0.23013038,2.0283728e-10,0
0.23105395,2.0128918e-10,0
0.23198122,1.9975289e-10,0
0.23291221,1.9822832e-10,0
0.23384693,1.9671539e-10,0
0.23478541,1.9521401e-10,0
0.23572766,1.9372409e-10,0
0.23667368,1.9224554e-10,0
0.23762351,1.9077827e-10,0
0.23857714,1.893222e-10,0
0.2395346,1.8787725e-10,0
0.24049591,1.8644332e-10,0
0.24146107,1.8502034e-10,0
0.24243011,1.8360822e-10,0
0.24340303,1.8220687e-10,0
0.24437986,1.8081622e-10,0
0.24536061,1.7943619e-10,0
0.2463453,1.7806668e-10,0
0.24733393,1.7670763e-10,0
0.24832654,1.7535896e-10,0
0.24932313,1.7402057e-10,0
0.25032371,1.726924e-10,0
0.25132832,1.7137437e-10,0
0.25233695,1.700664e-10,0
0.25334964,1.6876841e-10,0
0.25436638,1.6748033e-10,0
0.25538721,1.6620207e-10,0
0.25641214,1.6493358e-10,0
0.25744117,1.6367476e-10,0
0.25847434,1.6242555e-10,0
0.25951166,1.6118588e-10,0
0.26055313,1.5995567e-10,0
0.26159879,1.5873485e-10,0
0.26264864,1.5752334e-10,0
0.26370271,1.5632108e-10,0
0.264761,1.55128e-10,0
0.26582355,1.5394403e-10,0
0.26689036,1.5276909e-10,0
0.26796145,1.5160311e-10,0
0.26903683,1.5044604e-10,0
0.27011654,1.492978e-10,0
0.27120057,1.4815832e-10,0
0.27228896,1.4702754e-10,0
0.27338171,1.4590539e-10,0
0.27447885,1.447918e-10,0
0.2755804,1.4368671e-10,0
0.27668636,1.4259006e-10,0
0.27779677,1.4150177e-10,0
0.27891162,1.404218e-10,0
0.28003096,1.3935006e-10,0
0.28115478,1.3828651e-10,0
0.28228312,1.3723107e-10,0
0.28341598,1.3618369e-10,0
0.28455339,1.351443e-10,0
0.28569537,1.3411284e-10,0
0.28684192,1.3308926e-10,0
0.28799308,1.3207349e-10,0
0.28914886,1.3106547e-10,0
0.29030928,1.3006514e-10,0
0.29147435,1.2907245e-10,0
0.2926441,1.2808734e-10,0
0.29381855,1.2710975e-10,0
0.29499771,1.2613961e-10,0
0.2961816,1.2517688e-10,0
0.29737024,1.242215e-10,0
0.29856365,1.2327341e-10,0
0.29976185,1.2233256e-10,0
0.30096486,1.2139888e-10,0
0.3021727,1.2047234e-10,0
0.30338538,1.1955286e-10,0
0.30460293,1.186404e-10,0
0.30582537,1.1773491e-10,0
0.30705272,1.1683633e-10,0
0.30828499,1.159446e-10,0
0.3095222,1.1505968e-10,0
0.31076438,1.1418152e-10,0
0.31201155,1.1331006e-10,0
0.31326372,1.1244524e-10,0
0.31452091,1.1158703e-10,0
0.31578315,1.1073537e-10,0
0.31705046,1.0989021e-10,0
0.31832285,1.090515e-10,0
0.31960035,1.0821919e-10,0
0.32088298,1.0739324e-10,0
0.32217075,1.0657359e-10,0
0.32346369,1.0576019e-10,0
0.32476182,1.04953e-10,0
0.32606516,1.0415197e-10,0
0.32737373,1.0335706e-10,0
0.32868755,1.0256821e-10,0
0.33000665,1.0178538e-10,0
0.33133104,1.0100853e-10,0
0.33266074,1.0023761e-10,0
0.33399578,9.947257e-11,0
0.33533618,9.871337e-11,0
0.33668196,9.7959964e-11,0
0.33803313,9.7212309e-11,0
0.33938973,9.647036e-11,0
0.34075178,9.5734074e-11,0
0.34211929,9.5003407e-11,0
0.34349229,9.4278317e-11,0
0.3448708,9.3558761e-11,0
0.34625484,9.2844697e-11,0
0.34764444,9.2136082e-11,0
0.34903961,9.1432876e-11,0
0.35044038,9.0735037e-11,0
0.35184677,9.0042524e-11,0
0.35325881,8.9355297e-11,0
0.35467652,8.8673315e-11,0
0.35609991,8.7996537e-11,0
0.35752902,8.7324926e-11,0
0.35896386,8.665844e-11,0
0.36040446,8.599704e-11,0
0.36185084,8.5340689e-11,0
0.36330303,8.4689347e-11,0
0.36476104,8.4042977e-11,0
0.36622491,8.3401539e-11,0
0.36769465,8.2764998e-11,0
0.36917029,8.2133314e-11,0
0.37065185,8.1506452e-11,0
0.37213935,8.0884374e-11,0
0.37363283,8.0267044e-11,0
0.3751323,7.9654425e-11,0
0.37663779,7.9046482e-11,0
0.37814932,7.844318e-11,0
0.37966691,7.7844481e-11,0
0.3811906,7.7250352e-11,0
0.3827204,7.6660758e-11,0
0.38425634,7.6075664e-11,0
0.38579844,7.5495035e-11,0
0.38734674,7.4918838e-11,0
0.38890124,7.4347038e-11,0
0.39046199,7.3779603e-11,0
0.392029,7.3216498e-11,0
0.3936023,7.2657691e-11,0
0.39518191,7.2103149e-11,0
0.39676786,7.1552839e-11,0
0.39836018,7.100673e-11,0
0.39995888,7.0464789e-11,0
0.401564,6.9926983e-11,0
0.40317557,6.9393283e-11,0
0.4047936,6.8863656e-11,0
0.40641812,6.8338071e-11,0
0.40804917,6.7816497e-11,0
0.40968676,6.7298905e-11,0
0.41133092,6.6785262e-11,0
0.41298168,6.627554e-11,0
0.41463907,6.5769708e-11,0
0.4163031,6.5267737e-11,0
0.41797382,6.4769597e-11,0
0.41965124,6.4275259e-11,0
0.42133539,6.3784694e-11,0
0.4230263,6.3297873e-11,0
0.424724,6.2814768e-11,0
0.42642851,6.2335349e-11,0
0.42813986,6.185959e-11,0
0.42985808,6.1387462e-11,0
0.43158319,6.0918937e-11,0
0.43331523,6.0453989e-11,0
0.43505422,5.9992588e-11,0
0.43680018,5.953471e-11,0
0.43855316,5.9080326e-11,0
0.44031317,5.862941e-11,0
0.44208024,5.8181935e-11,0
0.44385441,5.7737876e-11,0
0.44563569,5.7297206e-11,0
0.44742412,5.6859899e-11,0
0.44921973,5.642593e-11,0
0.45102255,5.5995273e-11,0
0.4528326,5.5567902e-11,0
0.45464992,5.5143794e-11,0
0.45647453,5.4722923e-11,0
0.45830646,5.4305263e-11,0
0.46014574,5.3890792e-11,0
0.46199241,5.3479484e-11,0
0.46384648,5.3071315e-11,0
0.465708,5.2666261e-11,0
0.46757699,5.2264299e-11,0
0.46945348,5.1865404e-11,0
0.4713375,5.1469554e-11,0
0.47322908,5.1076726e-11,0
0.47512825,5.0686895e-11,0
0.47703504,5.030004e-11,0
0.47894949,4.9916137e-11,0
0.48087161,4.9535164e-11,0
0.48280146,4.9157099e-11,0
0.48473904,4.878192e-11,0
0.48668441,4.8409604e-11,0
0.48863758,4.804013e-11,0
0.49059859,4.7673475e-11,0
0.49256747,4.7309619e-11,0
0.49454425,4.694854e-11,0
0.49652896,4.6590217e-11,0
0.49852164,4.6234628e-11,0
0.50052232,4.5881754e-11,0
0.50253102,4.5531573e-11,0
0.50454779,4.5184064e-11,0
0.50657265,4.4839208e-11,0
0.50860563,4.4496984e-11,0
0.51064678,4.4157371e-11,0
0.51269612,4.3820351e-11,0
0.51475368,4.3485903e-11,0
0.5168195,4.3154008e-11,0
0.5188936,4.2824645e-11,0
0.52097604,4.2497797e-11,0
0.52306683,4.2173443e-11,0
0.52516601,4.1851564e-11,0
0.52727361,4.1532143e-11,0
0.52938968,4.1215159e-11,0
0.53151423,4.0900594e-11,0
0.53364732,4.058843e-11,0
0.53578896,4.0278649e-11,0
0.5379392,3.9971232e-11,0
0.54009806,3.9666162e-11,0
0.5422656,3.9363419e-11,0
0.54444183,3.9062988e-11,0
0.54662679,3.8764849e-11,0
0.54882052,3.8468986e-11,0
0.55102306,3.8175381e-11,0
0.55323443,3.7884017e-11,0
0.55545468,3.7594876e-11,0
0.55768384,3.7307943e-11,0
0.55992195,3.7023199e-11,0
0.56216904,3.6740629e-11,0
0.56442515,3.6460215e-11,0
0.56669031,3.6181941e-11,0
0.56896456,3.5905791e-11,0
0.57124794,3.5631749e-11,0
0.57354048,3.5359799e-11,0
0.57584222,3.5089924e-11,0
0.5781532,3.4822108e-11,0
0.58047346,3.4556337e-11,0
0.58280303,3.4292595e-11,0
0.58514194,3.4030865e-11,0
0.58749024,3.3771133e-11,0
0.58984797,3.3513383e-11,0
0.59221516,3.32576e-11,0
0.59459185,3.300377e-11,0
0.59697807,3.2751876e-11,0
0.59937388,3.2501906e-11,0
0.60177929,3.2253843e-11,0
0.60419437,3.2007673e-11,0
0.60661913,3.1763383e-11,0
0.60905362,3.1520957e-11,0
0.61149789,3.1280381e-11,0
0.61395196,3.1041641e-11,0
0.61641589,3.0804723e-11,0
0.6188897,3.0569614e-11,0
0.62137344,3.0336299e-11,0
0.62386714,3.0104764e-11,0
0.62637086,2.9874997e-11,0
0.62888462,2.9646983e-11,0
0.63140847,2.942071e-11,0
0.63394245,2.9196164e-11,0
0.6364866,2.8973331e-11,0
0.63904096,2.8752199e-11,0
0.64160557,2.8532755e-11,0
0.64418047,2.8314986e-11,0
0.64676571,2.8098879e-11,0
0.64936132,2.7884421e-11,0
0.65196735,2.76716e-11,0
0.65458384,2.7460403e-11,0
0.65721082,2.7250819e-11,0
0.65984835,2.7042834e-11,0
0.66249647,2.6836436e-11,0
0.66515521,2.6631613e-11,0
0.66782463,2.6428354e-11,0
0.67050475,2.6226646e-11,0
0.67319563,2.6026478e-11,0
0.67589731,2.5827837e-11,0
0.67860984,2.5630712e-11,0
0.68133325,2.5435092e-11,0
0.68406758,2.5240965e-11,0
0.6868129,2.504832e-11,0
0.68956923,2.4857145e-11,0
0.69233662,2.4667429e-11,0
0.69511512,2.447916e-11,0
0.69790476,2.4292329e-11,0
0.70070561,2.4106924e-11,0
0.70351769,2.3922934e-11,0
0.70634106,2.3740348e-11,0
0.70917576,2.3559156e-11,0
0.71202184,2.3379346e-11,0
0.71487934,2.3200909e-11,0
0.7177483,2.3023834e-11,0
0.72062879,2.284811e-11,0
0.72352083,2.2673727e-11,0
0.72642447,2.2500676e-11,0
0.72933977,2.2328945e-11,0
0.73226677,2.2158525e-11,0
0.73520552,2.1989405e-11,0
0.73815606,2.1821577e-11,0
0.74111844,2.1655029e-11,0
0.74409271,2.1489752e-11,0
0.74707891,2.1325737e-11,0
0.7500771,2.1162973e-11,0
0.75308733,2.1001452e-11,0
0.75610963,2.0841164e-11,0
0.75914406,2.0682099e-11,0
0.76219067,2.0524248e-11,0
0.76524951,2.0367601e-11,0
0.76832062,2.0212151e-11,0
0.77140406,2.0057886e-11,0
0.77449987,1.99048e-11,0
0.77760811,1.9752881e-11,0
0.78072882,1.9602122e-11,0
0.78386206,1.9452514e-11,0
0.78700787,1.9304047e-11,0
0.7901663,1.9156714e-11,0
0.79333741,1.9010505e-11,0
0.79652125,1.8865412e-11,0
0.79971786,1.8721426e-11,0
0.8029273,1.857854e-11,0
0.80614962,1.8436743e-11,0
0.80938488,1.8296029e-11,0
0.81263312,1.815639e-11,0
0.81589439,1.8017815e-11,0
0.81916875,1.7880299e-11,0
0.82245625,1.7743832e-11,0
0.82575695,1.7608406e-11,0
0.82907089,1.7474015e-11,0
0.83239813,1.7340648e-11,0
0.83573873,1.72083e-11,0
0.83909273,1.7076962e-11,0
0.84246019,1.6946626e-11,0
0.84584117,1.6817285e-11,0
0.84923571,1.6688932e-11,0
0.85264388,1.6561557e-11,0
0.85606573,1.6435155e-11,0
0.85950131,1.6309718e-11,0
0.86295067,1.6185238e-11,0
0.86641388,1.6061708e-11,0
0.86989099,1.5939121e-11,0
0.87338205,1.581747e-11,0
0.87688712,1.5696747e-11,0
0.88040626,1.5576945e-11,0
0.88393952,1.5458058e-11,0
0.88748697,1.5340078e-11,0
0.89104864,1.5222999e-11,0
0.89462462,1.5106813e-11,0
0.89821494,1.4991514e-11,0
0.90181967,1.4877095e-11,0
0.90543887,1.4763549e-11,0
0.9090726,1.465087e-11,0
0.9127209,1.4539051e-11,0
0.91638385,1.4428085e-11,0
0.9200615,1.4317967e-11,0
0.9237539,1.4208688e-11,0
0.92746113,1.4100244e-11,0
0.93118323,1.3992627e-11,0
0.93492027,1.3885832e-11,0
0.93867231,1.3779852e-11,0
0.94243941,1.367468e-11,0
0.94622162,1.3570312e-11,0
0.95001902,1.346674e-11,0
0.95383165,1.3363958e-11,0
0.95765959,1.3261961e-11,0
0.96150288,1.3160742e-11,0
0.9653616,1.3060296e-11,0
0.96923581,1.2960617e-11,0
0.97312556,1.2861698e-11,0
0.97703093,1.2763534e-11,0
0.98095197,1.266612e-11,0
0.98488874,1.2569449e-11,0
0.98884131,1.2473515e-11,0
0.99280975,1.2378314e-11,0
0.99679411,1.228384e-11,0
1.0007945,1.2190087e-11,0
1.0048109,1.2097049e-11,0
1.0088434,1.2004721e-11,0
1.0128921,1.1913098e-11,0
1.0169571,1.1822174e-11,0
1.0210383,1.1731944e-11,0
1.025136,1.1642403e-11,0
1.0292501,1.1553545e-11,0
1.0333807,1.1465366e-11,0
1.0375279,1.1377859e-11,0
1.0416917,1.129102e-11,0
1.0458722,1.1204844e-11,0
1.0500695,1.1119326e-11,0
1.0542837,1.1034461e-11,0
1.0585148,1.0950243e-11,0
1.0627628,1.0866668e-11,0
1.0670279,1.0783731e-11,0
1.0713101,1.0701427e-11,0
1.0756095,1.0619751e-11,0
1.0799262,1.0538698e-11,0
1.0842602,1.0458264e-11,0
1.0886115,1.0378444e-11,0
1.0929804,1.0299233e-11,0
1.0973667,1.0220626e-11,0
1.1017707,1.014262e-11,0
1.1061924,1.0065209e-11,0
1.1106317,9.9883888e-12,0
1.115089,9.9121549e-12,0
1.119564,9.8365028e-12,0
1.1240571,9.7614281e-12,0
1.1285682,9.6869264e-12,0
1.1330974,9.6129933e-12,0
1.1376447,9.5396245e-12,0
1.1422104,9.4668157e-12,0
1.1467943,9.3945625e-12,0
1.1513966,9.3228608e-12,0
1.1560174,9.2517064e-12,9.6451259e-09
1.1606568,9.181095e-12,7.510984e-09
1.1653148,9.1110226e-12,5.8490559e-09
1.1699914,9.0414849e-12,4.947504e-09
1.1746869,8.972478e-12,4.236224e-09
1.1794011,8.9039978e-12,3.6272015e-09
1.1841343,8.8360402e-12,3.1057354e-09
1.1888865,8.7686013e-12,2.8033863e-09
1.1936578,8.7016771e-12,2.5442506e-09
1.1984482,8.6352637e-12,2.3090685e-09
1.2032578,8.5693572e-12,2.0956259e-09
1.2080867,8.5039537e-12,1.9019132e-09
1.2129351,8.4390493e-12,1.7261067e-09
1.2178028,8.3746404e-12,1.5665511e-09
1.2226901,8.310723e-12,1.4217444e-09
1.2275971,8.2472934e-12,1.290323e-09
1.2325237,8.184348e-12,1.1710499e-09
1.2374701,8.121883e-12,1.0812516e-09
1.2424363,8.0598947e-12,1.0332213e-09
1.2474225,7.9983795e-12,9.8732469e-10
1.2524286,7.9373339e-12,9.434668e-10
1.2574549,7.8767541e-12,9.0155711e-10
1.2625014,7.8166367e-12,8.615091e-10
1.2675681,7.7569782e-12,8.2324006e-10
1.2726551,7.6977749e-12,7.8667096e-10
1.2777625,7.6390236e-12,7.517263e-10
1.2828905,7.5807206e-12,7.1833391e-10
1.288039,7.5228626e-12,6.8642484e-10
1.2932082,7.4654462e-12,6.5593321e-10
1.2983981,7.408468e-12,6.2679604e-10
1.3036088,7.3519247e-12,5.9895317e-10
1.3088405,7.295813e-12,5.7234711e-10
1.3140932,7.2401295e-12,5.5652965e-10
1.3193669,7.184871e-12,5.4356797e-10
1.3246618,7.1300342e-12,5.3090817e-10
1.329978,7.075616e-12,5.1854322e-10
1.3353155,7.0216131e-12,5.0646625e-10
1.3406744,6.9680223e-12,4.9467055e-10
1.3460548,6.9148406e-12,4.8314958e-10
1.3514568,6.8620648e-12,4.7189694e-10
1.3568805,6.8096918e-12,4.6090637e-10
1.362326,6.7577185e-12,4.5017178e-10
1.3677933,6.7061418e-12,4.3968719e-10
1.3732825,6.6549589e-12,4.2944679e-10
1.3787938,6.6041665e-12,4.194449e-10
1.3843272,6.5537619e-12,4.0967595e-10
1.3898828,6.5037419e-12,4.0013452e-10
1.3954607,6.4541037e-12,3.9081531e-10
1.401061,6.4048443e-12,3.8171315e-10
1.4066838,6.3559609e-12,3.7282298e-10
1.4123291,6.3074506e-12,3.6413986e-10
1.4179971,6.2593105e-12,3.5565897e-10
1.4236878,6.2115379e-12,3.4737561e-10
1.4294014,6.1641299e-12,3.3928517e-10
1.4351379,6.1170836e-12,3.3138315e-10
1.4408974,6.0703965e-12,3.2366518e-10
1.44668,6.0240657e-12,3.1612695e-10
1.4524859,5.9780885e-12,3.1075078e-10
1.458315,5.9324622e-12,3.0636611e-10
1.4641675,5.8871842e-12,3.0204332e-10
1.4700436,5.8422517e-12,2.9778151e-10
1.4759432,5.7976621e-12,2.9357985e-10
1.4818665,5.7534129e-12,2.8943746e-10
1.4878135,5.7095014e-12,2.8535353e-10
1.4937844,5.665925e-12,2.8132722e-10
1.4997793,5.6226812e-12,2.7735772e-10
1.5057983,5.5797675e-12,2.7344423e-10
1.5118413,5.5371813e-12,2.6958596e-10
1.5179087,5.4949201e-12,2.6578212e-10
1.5240004,5.4529815e-12,2.6203196e-10
1.5301165,5.411363e-12,2.5833472e-10
1.5362572,5.3700621e-12,2.5468964e-10
1.5424226,5.3290764e-12,2.5109599e-10
1.5486126,5.2884035e-12,2.4755305e-10
1.5548276,5.2480411e-12,2.440601e-10
1.5610674,5.2079867e-12,2.4061644e-10
1.5673323,5.168238e-12,2.3722136e-10
1.5736224,5.1287927e-12,2.3387419e-10
1.5799377,5.0896485e-12,2.3057425e-10
1.5862783,5.050803e-12,2.2732087e-10
1.5926444,5.012254e-12,2.241134e-10
1.599036,4.9739992e-12,2.2095118e-10
1.6054533,4.9360363e-12,2.1783358e-10
1.6118963,4.8983633e-12,2.1475997e-10
1.6183652,4.8609777e-12,2.1172972e-10
1.6248601,4.8238775e-12,2.0874224e-10
1.631381,4.7870604e-12,2.0579691e-10
1.6379281,4.7505244e-12,2.0325233e-10
1.6445014,4.7142672e-12,2.0161707e-10
1.6511012,4.6782867e-12,1.9999496e-10
1.6577274,4.6425808e-12,1.9838591e-10
1.6643802,4.6071474e-12,1.967898e-10
1.6710597,4.5719845e-12,1.9520653e-10
1.6777661,4.53709e-12,1.93636e-10
1.6844993,4.5024618e-12,1.920781e-10
1.6912596,4.4680978e-12,1.9053274e-10
1.698047,4.4339962e-12,1.8899982e-10
1.7048616,4.4001548e-12,1.8747922e-10
1.7117036,4.3665717e-12,1.8597086e-10
1.718573,4.3332449e-12,1.8447464e-10
1.72547,4.3001725e-12,1.8299045e-10
1.7323947,4.2673525e-12,1.815182e-10
1.7393472,4.2347829e-12,1.800578e-10
1.7463276,4.202462e-12,1.7860915e-10
1.753336,4.1703877e-12,1.7717215e-10
1.7603725,4.1385583e-12,1.7574672e-10
1.7674372,4.1069718e-12,1.7433275e-10
1.7745304,4.0756263e-12,1.7293016e-10
1.7816519,4.0445201e-12,1.7153886e-10
1.7888021,4.0136513e-12,1.7015874e-10
1.7959809,3.9830181e-12,1.6878973e-10
1.8031886,3.9526187e-12,1.6743174e-10
1.8104252,3.9224513e-12,1.6608467e-10
1.8176908,3.8925141e-12,1.6474844e-10
1.8249856,3.8628055e-12,1.6342296e-10
1.8323097,3.8333236e-12,1.6210814e-10
1.8396631,3.8040667e-12,1.608039e-10
1.8470461,3.7750331e-12,1.5951016e-10
1.8544587,3.7462211e-12,1.5822682e-10
1.8619011,3.7176289e-12,1.5695381e-10
1.8693733,3.6892551e-12,1.5569104e-10
1.8768755,3.6610977e-12,1.5443844e-10
1.8844078,3.6331553e-12,1.531959e-10
1.8919703,3.6054261e-12,1.5196337e-10
1.8995632,3.5779086e-12,1.5074075e-10
1.9071866,3.5506011e-12,1.4952797e-10
1.9148405,3.523502e-12,1.4832494e-10
1.9225252,3.4966097e-12,1.471316e-10
1.9302407,3.4699227e-12,1.4594785e-10
1.9379872,3.4434394e-12,1.4477363e-10
1.9457647,3.4171582e-12,1.4360886e-10
1.9535735,3.3910776e-12,1.4245346e-10
1.9614136,3.365196e-12,1.4139958e-10
1.9692852,3.339512e-12,1.4052097e-10
1.9771884,3.314024e-12,1.3964781e-10
1.9851233,3.2887305e-12,1.3878008e-10
1.99309,3.2636301e-12,1.3791774e-10
2.0010887,3.2387212e-12,1.3706076e-10
2.0091195,3.2140025e-12,1.362091e-10
2.0171826,3.1894724e-12,1.3536274e-10
2.0252779,3.1651295e-12,1.3452164e-10
2.0334058,3.1409725e-12,1.3368576e-10
2.0415663,3.1169998e-12,1.3285507e-10
2.0497596,3.09321e-12,1.3202955e-10
2.0579857,3.0696019e-12,1.3120916e-10
2.0662449,3.0461739e-12,1.3039386e-10
2.0745371,3.0229247e-12,1.2958363e-10
2.0828627,2.999853e-12,1.2877844e-10
2.0912217,2.9769573e-12,1.2797825e-10
2.0996142,2.9542364e-12,1.2718303e-10
2.1080404,2.931689e-12,1.2639275e-10
2.1165005,2.9093136e-12,1.2560738e-10
2.1249944,2.8871089e-12,1.2482689e-10
2.1335225,2.8650738e-12,1.2405126e-10
2.1420848,2.8432068e-12,1.2328044e-10
2.1506815,2.8215067e-12,1.2251441e-10
2.1593126,2.7999723e-12,1.2175314e-10
2.1679784,2.7786022e-12,1.209966e-10
2.176679,2.7573952e-12,1.2024476e-10
2.1854145,2.73635e-12,1.194976e-10
2.194185,2.7154655e-12,1.1875507e-10
2.2029907,2.6947404e-12,1.1815012e-10
2.2118318,2.6741735e-12,1.178921e-10
2.2207084,2.6537635e-12,1.1763466e-10
2.2296206,2.6335093e-12,1.1737777e-10
2.2385685,2.6134097e-12,1.1712144e-10
2.2475524,2.5934635e-12,1.1686568e-10
2.2565723,2.5736695e-12,1.1661047e-10
2.2656284,2.5540266e-12,1.1635582e-10
2.2747209,2.5345336e-12,1.1610172e-10
2.2838498,2.5151894e-12,1.1584818e-10
2.2930154,2.4959929e-12,1.155952e-10
2.3022178,2.4769428e-12,1.1534276e-10
2.3114571,2.4580381e-12,1.1509088e-10
2.3207335,2.4392778e-12,1.1483955e-10
2.3300471,2.4206606e-12,1.1458877e-10
2.3393981,2.4021855e-12,1.1433853e-10
2.3487866,2.3838514e-12,1.1408884e-10
2.3582128,2.3656572e-12,1.138397e-10
2.3676768,2.3476019e-12,1.135911e-10
2.3771788,2.3296844e-12,1.1334304e-10
2.3867189,2.3119037e-12,1.1309553e-10
2.3962974,2.2942587e-12,1.1284855e-10
2.4059142,2.2767483e-12,1.1260212e-10
2.4155697,2.2593716e-12,1.1235622e-10
2.4252639,2.2421275e-12,1.1211086e-10
2.434997,2.225015e-12,1.1186603e-10
2.4447692,2.2080331e-12,1.1162174e-10
2.4545806,2.1911808e-12,1.1137799e-10
2.4644313,2.1744572e-12,1.1113476e-10
2.4743216,2.1578612e-12,1.1089207e-10
2.4842516,2.1413918e-12,1.1064991e-10
2.4942215,2.1250482e-12,1.1040827e-10
2.5042313,2.1088293e-12,8.7232574e-12
2.5142813,2.0927342e-12,8.1437494e-12
2.5243717,2.0767619e-12,7.6027396e-12
2.5345026,2.0609115e-12,7.0976704e-12
2.5446741,2.0451821e-12,6.6261543e-12
2.5548864,2.0295728e-12,6.1859621e-12
2.5651397,2.0140826e-12,5.775013e-12
2.5754342,1.9987106e-12,5.3913643e-12
2.58577,1.9834559e-12,5.0332024e-12
2.5961472,1.9683177e-12,4.6988341e-12
2.6065661,1.953295e-12,4.2698436e-12
2.6170268,1.9383869e-12,3.8189227e-12
2.6275295,1.9235927e-12,3.4156216e-12
2.6380744,1.9089113e-12,3.0549116e-12
2.6486616,1.894342e-12,2.7322947e-12
2.6592912,1.8798839e-12,2.4437481e-12
2.6699635,1.8655362e-12,2.1856737e-12
2.6806787,1.8512979e-12,1.9548535e-12
2.6914368,1.8371683e-12,0
2.7022381,1.8231466e-12,0
2.7130828,1.8092319e-12,0
2.723971,1.7954234e-12,0
2.7349029,1.7817202e-12,0
2.7458786,1.7681217e-12,0
2.7568985,1.7546269e-12,0
2.7679625,1.7412352e-12,0
2.7790709,1.7279456e-12,0
2.7902239,1.7147575e-12,0
2.8014217,1.70167e-12,0
2.8126644,1.6886825e-12,0
2.8239523,1.675794e-12,0
2.8352854,1.6630039e-12,0
2.846664,1.6503115e-12,0
2.8580883,1.6377159e-12,0
2.8695584,1.6252164e-12,0
2.8810746,1.6128123e-12,0
2.892637,1.6005029e-12,0
2.9042458,1.5882875e-12,0
2.9159011,1.5761653e-12,0
2.9276033,1.5641356e-12,0
2.9393524,1.5521977e-12,0
2.9511487,1.5403509e-12,0
2.9629923,1.5285946e-12,0
2.9748834,1.516928e-12,0
2.9868222,1.5053504e-12,0
2.998809,1.4938612e-12,0
3.0108439,1.4824596e-12,0
3.0229271,1.4711451e-12,0
3.0350587,1.459917e-12,0
3.0472391,1.4487745e-12,0
3.0594683,1.4377171e-12,0
3.0717466,1.4267441e-12,0
3.0840742,1.4158548e-12,0
3.0964513,1.4050487e-12,0
3.108878,1.394325e-12,0
3.1213546,1.3836831e-12,0
3.1338813,1.3731225e-12,0
3.1464582,1.3626425e-12,0
3.1590857,1.3522424e-12,0
3.1717638,1.3419218e-12,0
3.1844927,1.3316799e-12,0
3.1972728,1.3215162e-12,0
3.2101042,1.31143e-12,0
3.222987,1.3014209e-12,0
3.2359216,1.2914881e-12,0
3.248908,1.2816311e-12,0
3.2619466,1.2718494e-12,0
3.2750375,1.2621423e-12,0
3.2881809,1.2525093e-12,0
3.3013771,1.2429499e-12,0
3.3146263,1.2334633e-12,0
3.3279286,1.2240492e-12,0
3.3412843,1.214707e-12,0
3.3546936,1.205436e-12,0
3.3681567,1.1962358e-12,0
3.3816738,1.1871059e-12,0
3.3952452,1.1780456e-12,0
3.4088711,1.1690544e-12,0
3.4225516,1.1601319e-12,0
3.4362871,1.1512775e-12,0
3.4500777,1.1424906e-12,0
3.4639236,1.1337709e-12,0
3.477825,1.1251176e-12,0
3.4917823,1.1165305e-12,0
3.5057956,1.1080088e-12,0
3.5198651,1.0995522e-12,0
3.5339911,1.0911601e-12,0
3.5481738,1.0828321e-12,0
3.5624134,1.0745677e-12,0
3.5767101,1.0663663e-12,0
3.5910642,1.0582275e-12,0
3.605476,1.0501509e-12,0
3.6199455,1.0421358e-12,0
3.6344731,1.034182e-12,0
3.6490591,1.0262889e-12,0
3.6637035,1.018456e-12,0
3.6784068,1.0106829e-12,0
3.693169,1.0029691e-12,0
3.7079905,9.9531415e-13,0
3.7228715,9.8771766e-13,0
3.7378122,9.8017915e-13,0
3.7528128,9.7269817e-13,0
3.7678737,9.6527429e-13,0
3.782995,9.5790707e-13,0
3.798177,9.5059608e-13,0
3.8134199,9.4334089e-13,0
3.828724,9.3614107e-13,0
3.8440895,9.2899621e-13,0
3.8595167,9.2190587e-13,0
3.8750057,9.1486965e-13,0
3.890557,9.0788713e-13,0
3.9061706,9.0095791e-13,0
3.9218469,8.9408157e-13,0
3.9375862,8.8725771e-13,0
3.9533886,8.8048594e-13,0
3.9692544,8.7376584e-13,0
3.9851839,8.6709704e-13,0
4.0011773,8.6047914e-13,0
4.0172349,8.5391174e-13,0
4.0333569,8.4739447e-13,0
4.0495436,8.4092694e-13,0
4.0657953,8.3450877e-13,0
4.0821123,8.2813959e-13,0
4.0984947,8.2181902e-13,0
4.1149428,8.1554668e-13,0
4.131457,8.0932222e-13,0
4.1480374,8.0314527e-13,0
4.1646844,7.9701546e-13,0
4.1813982,7.9093244e-13,0
4.198179,7.8489584e-13,0
4.2150273,7.7890532e-13,0
4.2319431,7.7296051e-13,0
4.2489268,7.6706108e-13,0
4.2659787,7.6120668e-13,0
4.283099,7.5539695e-13,0
4.300288,7.4963157e-13,0
4.317546,7.4391019e-13,0
4.3348732,7.3823248e-13,0
4.35227,7.3259811e-13,0
4.3697366,7.2700673e-13,0
4.3872733,7.2145803e-13,0
4.4048804,7.1595168e-13,0
4.4225581,7.1048735e-13,0
4.4403068,7.0506473e-13,0
4.4581267,6.996835e-13,0
4.4760182,6.9434334e-13,0
4.4939814,6.8904393e-13,0
4.5120167,6.8378498e-13,0
4.5301245,6.7856615e-13,0
4.5483048,6.7338717e-13,0
4.5665582,6.682477e-13,0
4.5848848,6.6314747e-13,0
4.6032849,6.5808616e-13,0
4.6217589,6.5306348e-13,0
4.640307,6.4807913e-13,0
4.6589296,6.4313283e-13,0
4.6776269,6.3822427e-13,0
4.6963992,6.3335318e-13,0
4.7152469,6.2851927e-13,0
4.7341702,6.2372225e-13,0
4.7531695,6.1896184e-13,0
4.772245,6.1423777e-13,0
4.791397,6.0954975e-13,0
4.8106259,6.0489751e-13,0
4.829932,6.0028078e-13,0
4.8493156,5.9569929e-13,0
4.868777,5.9115276e-13,0
4.8883164,5.8664093e-13,0
4.9079343,5.8216354e-13,0
4.9276309,5.7772032e-13,0
4.9474066,5.7331101e-13,0
4.9672616,5.6893535e-13,0
4.9871963,5.6459309e-13,0
5.007211,5.6028398e-13,0
5.027306,5.5600775e-13,0
5.0474817,5.5176415e-13,0
5.0677383,5.4755295e-13,0
5.0880763,5.4337389e-13,0
5.1084958,5.3922672e-13,0
5.1289973,5.351112e-13,0
5.1495811,5.310271e-13,0
5.1702475,5.2697417e-13,0
5.1909968,5.2295217e-13,0
5.2118294,5.1896086e-13,0
5.2327457,5.1500002e-13,0
5.2537458,5.1106941e-13,0
5.2748302,5.071688e-13,0
5.2959993,5.0329796e-13,0
5.3172533,4.9945666e-13,0
5.3385926,4.9564468e-13,0
5.3600175,4.9186179e-13,0
5.3815284,4.8810778e-13,0
5.4031257,4.8438242e-13,0
5.4248096,4.8068549e-13,0
5.4465805,4.7701677e-13,0
5.4684388,4.7337606e-13,0
5.4903849,4.6976313e-13,0
5.512419,4.6617778e-13,0
5.5345415,4.6261979e-13,0
5.5567528,4.5908896e-13,0
5.5790533,4.5558508e-13,0
5.6014433,4.5210794e-13,0
5.6239231,4.4865733e-13,0
5.6464931,4.4523307e-13,0
5.6691537,4.4183494e-13,0
5.6919053,4.3846274e-13,0
5.7147481,4.3511628e-13,0
5.7376826,4.3179536e-13,0
5.7607092,4.2849979e-13,0
5.7838282,4.2522937e-13,0
5.80704,4.2198391e-13,0
5.8303449,4.1876322e-13,0
5.8537433,4.1556712e-13,0
5.8772357,4.123954e-13,0
5.9008223,4.092479e-13,0
5.9245036,4.0612441e-13,0
5.9482799,4.0302477e-13,0
5.9721516,3.9994878e-13,0
5.9961192,3.9689627e-13,0
6.0201829,3.9386706e-13,0
6.0443432,3.9086096e-13,0
6.0686005,3.8787781e-13,0
6.0929551,3.8491743e-13,0
6.1174075,3.8197964e-13,0
6.141958,3.7906428e-13,0
6.166607,3.7617116e-13,0
6.1913549,3.7330013e-13,0
6.2162022,3.7045101e-13,0
6.2411491,3.6762363e-13,0
6.2661962,3.6481783e-13,0
6.2913438,3.6203345e-13,0
6.3165924,3.5927032e-13,0
6.3419422,3.5652828e-13,0
6.3673938,3.5380716e-13,0
6.3929476,3.5110682e-13,0
6.4186039,3.4842708e-13,0
6.4443631,3.457678e-13,0
6.4702257,3.4312881e-13,0
6.4961922,3.4050996e-13,0
6.5222628,3.379111e-13,0
6.5484381,3.3533208e-13,0
6.5747184,3.3277274e-13,0
6.6011042,3.3023294e-13,0
6.6275958,3.2771251e-13,0
6.6541938,3.2521133e-13,0
6.6808985,3.2272923e-13,0
6.7077104,3.2026608e-13,0
6.7346299,3.1782173e-13,0
6.7616575,3.1539603e-13,0
6.7887935,3.1298885e-13,0
6.8160384,3.1060004e-13,0
6.8433926,3.0822946e-13,0
6.8708567,3.0587698e-13,0
6.8984309,3.0354245e-13,0
6.9261158,3.0122573e-13,0
6.9539118,2.989267e-13,0
6.9818194,2.9664522e-13,0
7.009839,2.9438115e-13,0
7.037971,2.9213435e-13,0
7.0662159,2.8990471e-13,0
7.0945741,2.8769208e-13,0
7.1230462,2.8549634e-13,0
7.1516325,2.8331736e-13,0
7.1803336,2.8115501e-13,0
7.2091498,2.7900917e-13,0
7.2380817,2.768797e-13,0
7.2671297,2.7476648e-13,0
7.2962943,2.7266939e-13,0
7.3255759,2.7058831e-13,0
7.3549751,2.6852311e-13,0
7.3844922,2.6647368e-13,0
7.4141278,2.6443988e-13,0
7.4438823,2.6242161e-13,0
7.4737562,2.6041874e-13,0
7.50375,2.5843116e-13,0
7.5338642,2.5645875e-13,0
7.5640992,2.5450139e-13,0
7.5944556,2.5255897e-13,0
7.6249338,2.5063138e-13,0
7.6555343,2.4871849e-13,0
7.6862576,2.4682021e-13,0
7.7171043,2.4493642e-13,0
7.7480747,2.43067e-13,0
7.7791694,2.4121185e-13,0
7.8103889,2.3937086e-13,0
7.8417337,2.3754392e-13,0
7.8732043,2.3573092e-13,0
7.9048012,2.3393177e-13,0
7.9365249,2.3214634e-13,0
7.9683759,2.3037454e-13,0
8.0003547,2.2861626e-13,0
8.0324619,2.2687141e-13,0
8.0646979,2.2513987e-13,0
8.0970633,2.2342154e-13,0
8.1295585,2.2171633e-13,0
8.1621842,2.2002414e-13,0
8.1949409,2.1834486e-13,0
8.2278289,2.1667839e-13,0
8.260849,2.1502465e-13,0
8.2940016,2.1338352e-13,0
8.3272872,2.1175493e-13,0
8.3607065,2.1013876e-13,0
8.3942598,2.0853493e-13,0
8.4279478,2.0694334e-13,0
8.461771,2.0536389e-13,0
8.4957299,2.037965e-13,0
8.5298251,2.0224108e-13,0
8.5640572,2.0069752e-13,0
8.5984266,1.9916575e-13,0
8.632934,1.9764566e-13,0
8.6675798,1.9613718e-13,0
8.7023647,1.9464021e-13,0
8.7372892,1.9315467e-13,0
8.7723538,1.9168046e-13,0
8.8075592,1.9021751e-13,0
8.8429058,1.8876572e-13,0
8.8783943,1.8732501e-13,0
8.9140253,1.858953e-13,0
8.9497992,1.844765e-13,0
8.9857167,1.8306853e-13,0
9.0217783,1.816713e-13,0
9.0579847,1.8028474e-13,0
9.0943364,1.7890876e-13,0
9.1308339,1.7754329e-13,0
9.1674779,1.7618823e-13,0
9.204269,1.7484352e-13,0
9.2412078,1.7350907e-13,0
9.2782947,1.721848e-13,0
9.3155306,1.7087064e-13,0
9.3529158,1.6956651e-13,0
9.3904511,1.6827234e-13,0
9.428137,1.6698804e-13,0
9.4659742,1.6571355e-13,0
9.5039632,1.6444878e-13,0
9.5421047,1.6319367e-13,0
9.5803992,1.6194813e-13,0
9.6188475,1.607121e-13,0
9.65745,1.594855e-13,0
9.6962074,1.5826827e-13,0
9.7351204,1.5706033e-13,0
9.7741896,1.558616e-13,0
9.8134155,1.5467203e-13,0
9.8527989,1.5349153e-13,0
9.8923403,1.5232004e-13,0
9.9320405,1.511575e-13,0
9.9718999,1.5000383e-13,0
10.011919,1.4885896e-13,0
10.052099,1.4772283e-13,0
10.092441,1.4659537e-13,0
10.132944,1.4547652e-13,0
10.173609,1.4436621e-13,0
10.214438,1.4326437e-13,0
10.255431,1.4217094e-13,0
10.296588,1.4108585e-13,0
10.337911,1.4000905e-13,0
10.379399,1.3894046e-13,0
10.421054,1.3788003e-13,0
10.462876,1.368277e-13,0
10.504866,1.357834e-13,0
10.547024,1.3474706e-13,0
10.589352,1.3371864e-13,0
10.631849,1.3269806e-13,0
10.674517,1.3168528e-13,0
10.717356,1.3068022e-13,0
10.760367,1.2968284e-13,0
10.803551,1.2869307e-13,0
10.846908,1.2771085e-13,0
10.890439,1.2661084e-13,0
10.934144,1.255168e-13,0
10.978026,1.2443222e-13,0
11.022083,1.23357e-13,0
11.066317,1.2229108e-13,0
11.110728,1.2123437e-13,0
11.155318,1.2018679e-13,0
11.200087,1.1914826e-13,0
11.245035,1.1811871e-13,0
11.290164,1.1709805e-13,0
11.335474,1.1608621e-13,0
11.380966,1.1508312e-13,0
11.42664,1.1408869e-13,0
11.472498,1.1310286e-13,0
11.518539,1.1212554e-13,0
11.564766,1.1115667e-13,0
11.611177,1.1019617e-13,0
11.657776,1.0924397e-13,0
11.704561,1.083e-13,0
11.751534,1.0736419e-13,0
11.798695,1.0643646e-13,0
11.846046,1.0551675e-13,0
11.893587,1.0460498e-13,0
11.941318,1.037011e-13,0
11.989241,1.0280502e-13,0
12.037357,1.0191669e-13,0
12.085665,1.0103603e-13,0
12.134168,1.0016298e-13,0
12.182865,9.9297481e-14,0
12.231757,9.8640061e-14,0
12.280846,9.8000224e-14,0
12.330132,9.7364536e-14,0
12.379615,9.6732972e-14,0
12.429297,9.6105505e-14,0
12.479179,9.5482108e-14,0
12.529261,9.4862755e-14,0
12.579543,9.4247419e-14,0
12.630028,9.3636075e-14,0
12.680715,9.3028696e-14,0
12.731605,9.2425257e-14,0
12.7827,9.1825732e-14,0
12.834,9.1230096e-14,0
12.885505,9.0638324e-14,0
12.937218,9.005039e-14,0
12.989137,8.946627e-14,0
13.041266,8.8885939e-14,0
13.093603,8.8309373e-14,0
13.146151,8.7736546e-14,0
13.198909,8.7167435e-14,0
13.251879,8.6602016e-14,0
13.305062,8.6040264e-14,0
13.358458,8.5482156e-14,0
13.412068,8.4927668e-14,0
13.465894,8.4376777e-14,0
13.519935,8.382946e-14,0
13.574194,8.3285692e-14,0
13.62867,8.2745452e-14,0
13.683365,8.2208716e-14,0
13.738279,8.1675462e-14,0
13.793414,8.1145667e-14,0
13.84877,8.0619308e-14,0
13.904348,8.0096364e-14,0
13.960149,7.9576812e-14,0
14.016174,7.9060629e-14,0
14.072424,7.8547796e-14,0
14.1289,7.8038288e-14,0
14.185602,7.7532086e-14,0
14.242532,7.7029167e-14,0
14.299691,7.652951e-14,0
14.357078,7.6033095e-14,0
14.414696,7.5539899e-14,0
14.472546,7.5049903e-14,0
14.530627,7.4563085e-14,0
14.588942,7.4079425e-14,0
14.64749,7.3598902e-14,0
14.706274,7.3121496e-14,0
14.765293,7.2647187e-14,0
14.82455,7.2175954e-14,0
14.884044,7.1707778e-14,0
14.943777,7.1242639e-14,0
15.00375,7.0780518e-14,0
15.063963,7.0321393e-14,0
15.124418,6.9865247e-14,0
15.185115,6.941206e-14,0
15.246057,6.8961813e-14,0
15.307242,6.8514486e-14,0
15.368674,6.807006e-14,0
15.430351,6.7706243e-14,0
15.492277,6.73563e-14,0
15.554451,6.7008166e-14,0
15.616874,6.6661831e-14,0
15.679548,6.6317286e-14,0
15.742473,6.5974522e-14,0
15.805651,6.563353e-14,0
15.869083,6.52943e-14,0
15.932769,6.4956823e-14,0
15.996711,6.4621091e-14,0
16.060909,6.4287093e-14,0
16.125365,6.3954823e-14,0
16.19008,6.3624269e-14,0
16.255054,6.3295424e-14,0
16.320289,6.2968279e-14,0
16.385786,6.2642824e-14,0
16.451546,6.2319052e-14,0
16.517569,6.1996953e-14,0
16.583858,6.1676519e-14,0
16.650412,6.1357741e-14,0
16.717234,6.104061e-14,0
16.784324,6.0725119e-14,0
16.851683,6.0411258e-14,0
16.919313,6.009902e-14,0
16.987214,5.9788395e-14,0
17.055387,5.9479376e-14,0
17.123834,5.9171954e-14,0
17.192556,5.8866121e-14,0
17.261553,5.8561869e-14,0
17.330827,5.8259189e-14,0
17.40038,5.7958074e-14,0
17.470211,5.7658515e-14,0
17.540323,5.7360504e-14,0
17.610716,5.7064033e-14,0
17.681392,5.6769095e-14,0
17.752351,5.6475682e-14,0
17.823595,5.6183784e-14,0
17.895125,5.5893396e-14,0
17.966942,5.5604508e-14,0
18.039047,5.5317114e-14,0
18.111442,5.5031205e-14,0
18.184127,5.4746773e-14,0
18.257104,5.4463812e-14,0
18.330374,5.4182313e-14,0
18.403938,5.3902269e-14,0
18.477797,5.3623673e-14,0
18.551952,5.3346516e-14,0
18.626405,5.3070792e-14,0
18.701157,5.2796494e-14,0
18.776209,5.2523612e-14,0
18.851562,5.2252142e-14,0
18.927217,5.1982074e-14,0
19.003176,5.1713402e-14,0
19.07944,5.1446119e-14,0
19.15601,5.1180217e-14,0
19.232887,5.091569e-14,0
19.310073,5.065253e-14,0
19.387569,5.039073e-14,0
19.465375,5.0130283e-14,0
19.543494,4.9871182e-14,0
19.621926,4.9613421e-14,0
19.700673,4.9356798e-14,0
19.779736,4.9100533e-14,0
19.859117,4.88456e-14,0
19.938816,4.8591989e-14,0
20.018835,4.8339696e-14,0
20.099174,4.8088712e-14,0
20.179837,4.7839032e-14,0
20.260823,4.7590647e-14,0
20.342134,4.7343553e-14,0
20.423771,4.7097741e-14,0
20.505736,4.6853206e-14,0
20.58803,4.6609941e-14,0
20.670655,4.6367938e-14,0
20.753611,4.6127192e-14,0
20.836899,4.5887696e-14,0
20.920522,4.5649443e-14,0
21.004481,4.5412428e-14,0
21.088777,4.5176643e-14,0
21.17341,4.4942082e-14,0
21.258384,4.4708739e-14,0
21.343698,4.4476608e-14,0
21.429355,4.4245681e-14,0
21.515356,4.4015954e-14,0
21.601702,4.378742e-14,0
21.688394,4.3560072e-14,0
21.775434,4.3333905e-14,0
21.862824,4.3108911e-14,0
21.950564,4.2885087e-14,0
22.038657,4.2662424e-14,0
22.127103,4.2440917e-14,0
22.215903,4.222056e-14,0
22.305061,4.2001348e-14,0
22.394576,4.1783273e-14,0
22.48445,4.1566331e-14,0
22.574685,4.1350515e-14,0
22.665282,4.113582e-14,0
22.756243,4.092224e-14,0
22.847569,4.0709768e-14,0
22.939261,4.04984e-14,0
23.031321,4.0288129e-14,0
23.123751,4.007895e-14,0
23.216552,3.9870856e-14,0
23.309725,3.9663844e-14,0
23.403272,3.9457906e-14,0
23.497194,3.9253037e-14,0
23.591493,3.9049232e-14,0
23.686171,3.8846486e-14,0
23.781229,3.8644791e-14,0
23.876668,3.8444145e-14,0
23.972491,3.8244539e-14,0
24.068697,3.8045971e-14,0
24.16529,3.7848433e-14,0
24.262271,3.7651921e-14,0
24.359641,3.7456429e-14,0
24.457401,3.7261952e-14,0
24.555554,3.7068485e-14,0
24.654101,3.6876023e-14,0
24.753043,3.6684559e-14,0
24.852382,3.649409e-14,0
24.95212,3.630461e-14,0
25.052259,3.6116113e-14,0
25.152799,3.5928596e-14,0
25.253743,3.5742051e-14,0
25.355091,3.5556476e-14,0
25.456847,3.5371864e-14,0
25.559011,3.518821e-14,0
25.661585,3.500551e-14,0
25.76457,3.4823759e-14,0
25.867969,3.4642951e-14,0
25.971783,3.4463082e-14,0
26.076013,3.4284147e-14,0
26.180662,3.4106141e-14,0
26.285731,3.3929059e-14,0
26.391221,3.3763322e-14,0
26.497135,3.3605971e-14,0
26.603474,3.3449354e-14,0
26.710239,3.3293467e-14,0
26.817433,3.3138306e-14,0
26.925057,3.2983868e-14,0
27.033113,3.2830151e-14,0
27.141603,3.2677149e-14,0
27.250528,3.2524861e-14,0
27.359891,3.2373282e-14,0
27.469692,3.222241e-14,0
27.579934,3.207224e-14,0
27.690618,3.1922771e-14,0
27.801746,3.1773998e-14,0
27.913321,3.1625919e-14,0
28.025343,3.147853e-14,0
28.137815,3.1331827e-14,0
28.250738,3.1185808e-14,0
28.364115,3.104047e-14,0
28.477946,3.0895809e-14,0
28.592234,3.0751823e-14,0
28.706981,3.0608507e-14,0
28.822188,3.0465859e-14,0
28.937858,3.0323876e-14,0
29.053992,3.0182555e-14,0
29.170592,3.0041892e-14,0
29.28766,2.9901885e-14,0
29.405198,2.9762531e-14,0
29.523207,2.9623825e-14,0
29.64169,2.9485767e-14,0
29.760649,2.9348351e-14,0
29.880085,2.9211576e-14,0
30,2.9075439e-14,0
