,m,k
0,0.011331644,1e-07
1,0.011331644,1e-09
2,0.011331644,9.9720067e-13
3,0.011331644,3.055613e-13
4,0.011331644,7.2768003e-14
5,0.01149757,1.3468344e-14
6,0.011665925,9.500371e-15
7,0.012010068,5.9654874e-15
8,0.012185927,3.8939296e-15
9,0.01254541,3.207659e-15
10,0.012729108,2.6423053e-15
11,0.013104614,2.3294682e-15
12,0.013688745,2.0142568e-15
13,0.014298913,1.7586662e-15
14,0.014936279,1.565572e-15
15,0.016062313,1.4072908e-15
16,0.017273237,1.3150333e-15
17,0.018575452,1.3279259e-15
18,0.020565123,1.4632425e-15
19,0.021796353,1.6598713e-15
20,0.023439562,1.9764712e-15
21,0.025206651,2.3995378e-15
22,0.026330223,2.8022828e-15
23,0.028315237,3.4021156e-15
24,0.030010465,3.9731847e-15
25,0.031807186,4.9180348e-15
26,0.033224974,5.6331967e-15
27,0.034705958,6.4523547e-15
28,0.036783798,7.9867682e-15
29,0.038986037,9.3274035e-15
30,0.041925162,1.0893207e-14
31,0.046415888,1.2722176e-14
32,0.049194799,1.3748866e-14
33,0.053678204,1.4858774e-14
34,0.060298017,1.5005002e-14
35,0.061180942,1.3487317e-14
36,0.061180942,1.1775469e-14
37,0.062076796,1.0482315e-14
38,0.062076796,9.5137545e-15
39,0.062985767,8.5514836e-15
40,0.063908048,7.8370397e-15
41,0.064843834,7.1129884e-15
42,0.067734212,7.5393032e-15
43,0.070753426,8.1476313e-15
44,0.072840637,7.113685e-15
45,0.074989421,6.394248e-15
46,0.078332032,5.5828769e-15
47,0.083021757,5.0183798e-15
48,0.087992254,4.6440895e-15
49,0.096011495,4.4677656e-15
50,0.10476158,4.7357136e-15
51,0.11265946,5.3203271e-15
52,0.1176812,6.0939887e-15
53,0.12292677,6.9128071e-15
54,0.12655308,8.2310368e-15
55,0.13028637,9.6124391e-15
56,0.13609381,1.1117508e-14
57,0.14010855,1.3496731e-14
58,0.14635381,1.6070672e-14
59,0.15067122,1.913525e-14
60,0.1573873,2.2784503e-14
61,0.16440275,2.6608716e-14
62,0.17173092,3.0478054e-14
63,0.18467757,3.3258952e-14
64,0.20745275,3.2308702e-14
65,0.23303666,3.0782891e-14
66,0.26177568,3.0194712e-14
67,0.29405891,3.139175e-14
68,0.34006791,3.4928865e-14
69,0.38200646,3.9242198e-14
70,0.43540047,4.4088719e-14
71,0.48203748,4.9532588e-14
72,0.55745796,6.0138793e-14
73,0.64467887,7.0922954e-14
74,0.6541187,6.4370498e-14
75,0.66369676,5.6748625e-14
76,0.67341507,4.7661882e-14
77,0.67341507,4.2427249e-14
78,0.68327567,3.776799e-14
79,0.70343216,3.3296429e-14
80,0.75646333,3.704589e-14
81,0.81349247,4.1619123e-14
82,0.83749032,4.5414893e-14
83,0.92719636,4.9081714e-14
84,0.99709692,5.1522738e-14
85,0.99709692,1e-09
86,0.99709692,1e-07
