,mass_keV,limit
0,0.9998046922650374,1.1456200093686378e-16
1,2.0007814598701352,6.057421893170044e-16
2,4.003908444449351,1.6161701634264997e-15
3,4.995119213509029,1.2739900955708409e-15
4,5.986070258321286,1.3520610751909427e-15
5,6.96046792858791,1.7152101703544588e-15
6,7.932355692496657,1.6161701634264997e-15
7,8.949514614210091,1.4349162975457724e-15
8,9.996094226751852,1.82031941627363e-15
9,10.942796363387826,3.2995155883682448e-15
10,11.979158012547456,4.3120754063625116e-15
11,12.982484953054215,5.154388172312459e-15
12,13.92909564365961,6.736173804126852e-15
13,14.944727927804985,7.816078812496569e-15
14,15.874010519682,7.587064929505246e-15
15,16.861077110019036,5.0033627696644766e-15
16,18.832855503544568,6.1612367426770276e-15
17,22.797045620951938,9.342857067283723e-15
18,24.956090074593067,2.024291552297485e-14
19,25.98018932904562,2.348814441595151e-14
20,27.046313567373268,2.348814441595151e-14
21,28.156187328737648,2.085394346725309e-14
22,28.728088471140193,1.693488640389538e-14
23,30.51443832261283,2.348814441595151e-14
24,31.4488454108167,3.2577303144926513e-14
25,33.74192053323942,4.385977714517576e-14
26,34.427277633421774,3.3560641861534876e-14
27,35.126555528489185,2.1483415155381716e-14
28,38.06861701995836,3.069621802490231e-14
29,40.03126450160066,6.455993725532417e-14
30,41.257093956647196,7.717095496592608e-14
31,44.26533208239105,4.654753412189636e-14
32,49.941436280895736,2.8076274730379665e-14
33,52.516193175660504,2.085394346725309e-14
34,55.22369301017278,2.348814441595151e-14
35,58.070779416190035,2.8076274730379665e-14
36,59.84901132497803,4.257467010977971e-14
37,62.93455843834347,8.190004357764646e-14
38,64.86172802527938,5.564004260551747e-14
39,66.17918254860541,4.5183674853245824e-14
40,70.2942900690742,4.011631503731821e-14
41,76.18186204335034,7.717095496592608e-14
42,86.81910946857285,1.0085328227185209e-13
43,94.09073501933237,1.3578172708540617e-13
44,98.94163212533299,1.1026442684698445e-13
45,106.15590636131063,9.502979198036937e-14
46,108.31211747796455,1.2055377429483298e-13
47,113.8962054023568,1.828069151046496e-13
48,119.76818390329248,1.5754948002473556e-13
49,124.68299657931212,2.121134782852461e-13
50,129.79949373323842,1.3578172708540617e-13
51,139.26375183539378,1.6720421932524663e-13
52,144.97858552931783,1.6230507636126002e-13
53,150.92793340025352,1.940094472068744e-13
54,157.12141898270144,2.690848822585429e-13
55,163.56906072296454,8.581818708501397e-13
56,172.00194928663916,3.0307479180437505e-13
57,179.0602291494838,2.772071501332571e-13
58,179.0602291494838,3.413581939508945e-13
59,194.0576064017758,8.840859015105132e-13
60,206.1243603983458,9.665845574642564e-13
