mass_kev,eps_lo,eps_hi
0.0116,3.02266275e-14,3.02266275e-14
0.0125,5.52637335e-15,5.52637335e-15
0.0135,2.99694851e-15,2.99694851e-15
0.0146,2.40261139e-15,2.40261139e-15
0.0157,2.00474544e-15,2.00474544e-15
0.0169,1.84246866e-15,1.84246866e-15
0.0183,1.82218168e-15,1.82218168e-15
0.0197,1.93031265e-15,1.93031265e-15
0.0212,2.13507584e-15,2.13507584e-15
0.0229,2.49632526e-15,2.49632526e-15
0.0247,3.05080618e-15,3.05080618e-15
0.0266,9.96299402e-16,3.78376713e-15
0.0287,1.23938367e-15,4.70695776e-15
0.0309,1.5433112e-15,5.86122019e-15
0.0334,1.9406658e-15,7.37030198e-15
0.036,2.48542259e-15,9.43919093e-15
0.0388,3.08456621e-15,1.17146314e-14
0.0418,1.69543603e-15,3.64638784e-15
0.0451,1.94531902e-15,4.18381321e-15
0.0486,2.16684717e-15,4.66025557e-15
0.0524,2.31116449e-15,4.97063999e-15
0.0565,1.65901107e-15,2.39836765e-15
0.0609,1.4387076e-15,2.07982981e-15
0.0657,9.27333527e-16,1.34060994e-15
0.0708,6.56506596e-16,8.72814983e-16
0.0763,5.20866256e-16,5.20866256e-16
0.0823,3.66480023e-16,4.3122696e-16
0.0887,3.29418467e-16,3.87617647e-16
0.0957,2.91667771e-16,3.16662112e-16
0.1032,2.99527659e-16,3.25195549e-16
0.1112,3.13749129e-16,3.29082914e-16
0.1199,3.89034724e-16,3.89034724e-16
0.1293,5.03148306e-16,5.42031067e-16
0.1394,6.85319268e-16,7.15642181e-16
0.1503,9.71620786e-16,9.71620786e-16
0.1621,1.33730476e-15,1.33730476e-15
0.1747,1.6698624e-15,2.03494238e-15
0.1884,1.80876683e-15,2.06636866e-15
0.2031,1.84951486e-15,1.89341741e-15
0.219,1.88481249e-15,3.50851212e-15
0.2362,2.13104371e-15,2.55496069e-15
0.2546,2.30352653e-15,2.13698513e-15
0.2745,2.5604178e-15,1.88422243e-15
0.296,3.31849214e-15,1.80248772e-15
0.3191,4.54942224e-15,1.78269931e-15
0.3441,6.45484608e-15,1.91464514e-15
0.371,8.00226744e-15,2.23350545e-15
0.4,1.38619192e-14,2.79883261e-15
