idx,m_keV,eps
0,9.000000000000007e-06,9.999999999999959e-08
1,9.25811127551195e-06,9.473485190214412e-08
2,9.523624932195697e-06,8.974692164921249e-08
3,9.796753263167516e-06,8.502161331111513e-08
4,1.007771464990438e-05,8.054509945509918e-08
5,1.0366733736852406e-05,7.630428068322295e-08
6,1.066404161104257e-05,7.228674730024819e-08
7,1.0969875986857975e-05,6.848074299976757e-08
8,1.12844813960997e-05,6.4875130462318e-08
9,1.1608109383503933e-05,6.145935876480001e-08
10,1.194101870786595e-05,5.822343250584137e-08
11,1.2283475548932534e-05,5.5157882556753696e-08
12,1.2635753720227505e-05,5.225373835249941e-08
13,1.2998134887981113e-05,4.950250164157459e-08
14,1.3370908796338123e-05,4.6896121618002174e-08
15,1.3754373499024395e-05,4.44269713626641e-08
16,1.4148835597657825e-05,4.2087825525027986e-08
17,1.4554610486893378e-05,3.987183917996838e-08
18,1.4972022606599106e-05,3.777252779780428e-08
19,1.5401405701263847e-05,3.578374826894625e-08
20,1.5843103086844972e-05,3.389968092762244e-08
21,1.629746792526858e-05,3.211481252208276e-08
22,1.676486350680259e-05,3.042392008144646e-08
23,1.7245663540527528e-05,2.8822055631985112e-08
24,1.774025245313809e-05,2.7304531718114895e-08
25,1.8249025696314018e-05,2.586690768573013e-08
26,1.8772390062905738e-05,2.4504976687740963e-08
27,1.931076401218844e-05,2.321475337378644e-08
28,1.9864578004443524e-05,2.199246222810476e-08
29,2.0434274845136126e-05,2.0834526521430116e-08
30,2.1020310038962716e-05,1.973755784458991e-08
31,2.162315215405307e-05,1.8698346193172293e-08
32,2.2243283196616565e-05,1.771385057425205e-08
33,2.288119899633342e-05,1.6781190107684855e-08
34,2.3537409602798553e-05,1.5897635595932628e-08
35,2.421243969333466e-05,1.5060601537749438e-08
36,2.4906828992501617e-05,1.426763856235898e-08
37,2.5621132703636282e-05,1.3516426261984088e-08
38,2.6355921952769205e-05,1.2804766401753194e-08
39,2.711178424527165e-05,1.2130576487116447e-08
40,2.7889323935599614e-05,1.1491883669946132e-08
41,2.8689162710508823e-05,1.0886818975490275e-08
42,2.9511940086128726e-05,1.0313611833285243e-08
43,3.035831391929119e-05,9.770584896024861e-09
44,3.122896093352455e-05,9.25614913122242e-09
45,3.212457726013174e-05,8.768799171305195e-09
46,3.3045878994786625e-05,8.307108908532482e-09
47,3.399360277009303e-05,7.869727321848101e-09
48,3.496850634456352e-05,7.455374523455429e-09
49,3.59713692084905e-05,7.062838013545713e-09
50,3.700299320719204e-05,6.690969132220896e-09
51,3.806420318213294e-05,6.338679698227671e-09
52,3.915584763043132e-05,6.004938824667305e-09
53,4.0278799383280425e-05,5.68876990236295e-09
54,4.1433956303825775e-05,5.3892477420573115e-09
55,4.2622242005057534e-05,5.105495867077679e-09
56,4.384460658829133e-05,4.8366839485461315e-09
57,4.510202740282715e-05,4.582025375629989e-09
58,4.6395509827395855e-05,4.340774953721736e-09
59,4.772608807401532e-05,4.112226723813698e-09
60,4.9094826014901926e-05,3.895711896685316e-09
61,5.050281803309552e-05,3.6905968958590593e-09
62,5.1951189897481066e-05,3.4962815035972227e-09
63,5.344109966290351e-05,3.3121971045149004e-09
64,5.4973738596098165e-05,3.1378050216693097e-09
65,5.655033212817572e-05,2.972594940256495e-09
66,5.817214083442322e-05,2.816083414302632e-09
67,5.984046144220471e-05,2.6678124519804438e-09
68,6.1556627867768e-05,2.5273481754106524e-09
69,6.332201228278619e-05,2.3942795510268248e-09
70,6.513802621148527e-05,2.268217186788601e-09
71,6.700612165923824e-05,2.1487921927231774e-09
72,6.892779227352416e-05,2.035655101461146e-09
73,7.090457453818433e-05,1.9284748456076664e-09
74,7.293804900192667e-05,1.8269377889565393e-09
75,7.502984154206444e-05,1.7307468087122848e-09
76,7.71816246644957e-05,1.6396204260346812e-09
77,7.939511884096632e-05,1.5532919823612663e-09
78,8.167209388468456e-05,1.4715088590978304e-09
79,8.401437036538518e-05,1.394031738393271e-09
80,8.642382106497878e-05,1.3206339028357511e-09
81,8.890237247494501e-05,1.2511005720209644e-09
82,9.145200633667233e-05,1.1852282740509477e-09
83,9.407476122597045e-05,1.1228242501245088e-09
84,9.677273418302788e-05,1.0637058904768183e-09
85,9.954808238911227e-05,1.0077002000176012e-09
86,0.00010240302489135893,9.546432921042886e-10
87,0.00010533984437702437,9.043799089687579e-10
88,0.00010836088899862242,8.567629673943022e-10
89,0.00011146857425140493,8.11653128313408e-10
90,0.00011466538490468557,7.689183890668356e-10
91,0.00011795387698855406,7.28433697130822e-10
92,0.00012133667983756431,6.900805841822001e-10
93,0.00012481649819303742,6.537468194304611e-10
94,0.00012839611436565274,6.193260812024274e-10
95,0.00013207839046006328,5.867176458184748e-10
96,0.00013586627066330885,5.558260928498829e-10
97,0.00013976278359885955,5.265610258948129e-10
98,0.0001437710447481707,4.988368080558656e-10
99,0.00014789425894168553,4.725723113451091e-10
100,0.00015213572292127798,4.476906792833288e-10
101,0.0001564988279761824,4.2411910199876785e-10
102,0.00016098706265452206,4.017886031672394e-10
103,0.00016560401555259724,3.806338381701794e-10
104,0.00017035337818417288,3.6059290287996784e-10
105,0.00017523894793204883,3.4160715251298136e-10
106,0.00018026463108428335,3.2362103002030584e-10
107,0.0001854344459574892,3.0658190351393244e-10
108,0.00019075252610970434,2.904399122526995e-10
109,0.00019622312364540425,2.7514782073731435e-10
110,0.00020185061261529885,2.6066088048747284e-10
111,0.0002076394925136324,2.469366990966324e-10
112,0.00021359439187578156,2.339351161812398e-10
113,0.0002197200719790322,2.2161808586140798e-10
114,0.00022602143064948552,2.0994956542917233e-10
115,0.0002325035061781492,1.988954098785224e-10
116,0.0002391714813493313,1.8842327198858153e-10
117,0.0002460306875845707,1.7850250766755767e-10
118,0.00025308660920540755,1.691040862804749e-10
119,0.00026034488781840736,1.6020050569828372e-10
120,0.00026781132682594295,1.5176571181975568e-10
121,0.00027549189606634157,1.4377502233068096e-10
122,0.00028339273658710683,1.3620505447724533e-10
123,0.0002915201655550305,1.2903365664225408e-10
124,0.00029988068130712626,1.2223984352396107e-10
125,0.0003084809685464115,1.1580373472783771e-10
126,0.00031732790368670864,1.0970649659156935e-10
127,0.0003264285603507202,1.0393028707305481e-10
128,0.00033579021502579235,9.845820354013248e-11
129,0.0003454203528818739,9.32742333092565e-11
130,0.00035532667375633197,8.83632067883849e-11
131,0.00036551709831040565,8.371075308696215e-11
132,0.00037599977436221857,7.930325796310346e-11
133,0.00038678308340142246,7.512782398492169e-11
134,0.0003978756472906643,7.117223278941962e-11
135,0.00040928633515925687,6.742490932850622e-11
136,0.0004210242704945414,6.387488799751559e-11
137,0.00043309883843663336,6.051178054710729e-11
138,0.00044551969328236854,5.732574568465278e-11
139,0.0004582967662044572,5.4307460276155816e-11
140,0.0004714402731920158,5.144809206443217e-11
141,0.0004849607232188253,4.873927382371878e-11
142,0.0004988689266458481,4.617307887508068e-11
143,0.0005131760038647175,4.374199789096821e-11
144,0.0005278933941891225,4.1438916921047914e-11
145,0.0005430328650011751,3.9257096575007584e-11
146,0.0005586065211601038,3.7190152301415284e-11
147,0.0005746268146807614,3.5232035704927754e-11
148,0.0005911065546897182,3.337701684717399e-11
149,0.0006080589176668769,3.16196674795241e-11
150,0.0006254974579808106,2.9954845158677814e-11
151,0.0006434361187262438,2.8377678198590136e-11
152,0.0006618892428723415,2.688355141470161e-11
153,0.000680871584730721,2.5468092618754447e-11
154,0.0007003983217523512,2.4127159824678026e-11
155,0.0007204850666627871,2.2856829128102438e-11
156,0.0007411478799454123,2.1653383224034152e-11
157,0.0007624032826827104,2.0513300529092486e-11
158,0.0007842682697657904,1.9433244876477662e-11
159,0.0008067603234827666,1.84100557535122e-11
160,0.0008298974274968285,1.744073905319208e-11
161,0.0008536980812251929,1.6522458312680998e-11
162,0.000878181314630429,1.565252641311191e-11
163,0.0009033667034359854,1.482839771640562e-11
164,0.0009292743847780825,1.4047660616097894e-11
165,0.0009559250733064867,1.3308030480376222e-11
166,0.0009833400777470407,1.260734296667662e-11
167,0.0010115413179391842,1.1943547688276614e-11
168,0.0010405513423621072,1.1314702214350854e-11
169,0.0010703933461635225,1.071896638593395e-11
170,0.0011010911897054952,1.0154596931155179e-11
171,0.001132669417642144,9.61994236398957e-12
172,0.0011651532785444743,9.11343815159718e-12
173,0.0011985687450880328,8.633602136109124e-12
174,0.0012329425348195228,8.179030197463422e-12
175,0.0012683021315189878,7.748392144598651e-12
176,0.00130467580717464,7.340427822982933e-12
177,0.001342092644587909,6.953943427086692e-12
178,0.0013805825606267724,6.58780800700949e-12
179,0.0014201763301459843,6.240950159038058e-12
180,0.0014609056105932996,5.912354890451357e-12
181,0.001502802967321386,5.601060649398312e-12
182,0.0015459018996256573,5.306156511156784e-12
183,0.0015902368675288464,5.026779512540396e-12
184,0.0016358433193337323,4.762112126652486e-12
185,0.001682757719966055,4.511379870598297e-12
186,0.0017310175801302766,4.273849039154456e-12
187,0.0017806614863015012,4.0488245577642e-12
188,0.0018317291315775297,3.835647948575573e-12
189,0.0018842613474157348,3.6336954035707258e-12
190,0.0019383001362801024,3.4423759591477595e-12
191,0.0019938887052245707,3.261129766813657e-12
192,0.0020510715004394987,3.0894264549276798e-12
193,0.0021098942427889003,2.9267635767014107e-12
194,0.002170403964366848,2.7726651399139895e-12
195,0.0022326490461022797,2.626680214039915e-12
196,0.0022966792564422757,2.488381610713646e-12
197,0.002362545791144733,2.357364633669771e-12
198,0.0024303013142122597,2.233245894500589e-12
199,0.002499999999999999,2.1156621907658633e-12
