mass_ev,limit
2.689,8497.292
2.717,6805.262
2.755,5697.658
2.803,4700.227
2.862,3654.475
2.903,2970.424
2.943,2414.415
3.005,1962.48
3.048,1795.688
3.069,1548.605
3.09,1438.121
3.134,1525.849
3.155,1618.929
3.189,1375.651
3.222,993.274
3.233,760.933
3.267,627.724
3.302,502.728
3.336,408.627
3.371,322.45
3.407,269.969
3.442,229.4
3.527,232.821
3.602,206.819
3.691,213.034
3.782,206.819
3.888,183.721
3.957,158.441
4.04,140.746
4.125,123.19
4.183,109.431
4.242,95.781
4.362,95.781
4.469,100.131
4.595,91.621
4.692,80.192
4.859,69.158
4.978,60.531
5.119,53.771
5.245,49.935
5.393,49.201
5.546,45.019
5.762,40.588
5.966,35.003
6.199,32.506
6.441,28.875
6.623,26.033
6.834,24.176
7.076,23.126
7.225,21.796
7.403,19.944
7.56,18.797
7.8,18.797
8.02,18.249
8.161,15.972
8.392,14.833
8.629,12.983
8.872,11.879
9.155,10.71
9.446,9.8
9.78,8.967
10.057,8.327
10.413,7.619
10.819,7.076
11.242,6.669
11.64,6.285
11.885,5.751
12.221,5.034
12.566,4.341
12.831,3.8
13.194,3.326
13.566,2.954
13.901,2.624
14.343,2.297
14.697,2.102
15.165,1.895
15.539,1.61
16.033,1.368
16.543,1.163
17.129,1.08
17.491,1.096
17.86,1.146
18.364,1.234
18.687,1.409
18.949,1.586
19.214,1.786
19.552,2.04
19.895,2.263
20.104,2.586
20.457,2.954
20.816,3.229
21.329,3.581
21.855,3.972
22.317,4.406
22.867,4.96
23.35,5.667
23.842,6.474
24.261,6.869
24.859,7.181
25.65,7.733
26.375,8.451
27.12,9.374
27.788,10.094
28.673,10.397
29.38,10.71
