iden_pat,eff_0,eff_1,eff_2,eff_3,eff_4,eff_5,eff_11,eff_12,eff_13,eff_14,eff_21,eff_22,eff_23,eff_31,eff_32,eff_41,eff_111,eff_112,eff_113,eff_121,eff_122,eff_131,eff_211,eff_212,eff_221,eff_311
0,9.999600E-01,3.097000E-02,5.700000E-04,4.600000E-04,4.400000E-04,4.600000E-04,8.035000E-02,1.285000E-02,1.332000E-02,1.739000E-02,1.290000E-02,4.900000E-04,4.900000E-03,1.270000E-02,4.750000E-03,1.645000E-02,1.085300E-01,8.083000E-02,9.535000E-02,4.367000E-02,2.789000E-02,5.929000E-02,4.410000E-02,2.781000E-02,4.468000E-02,5.820000E-02
1,4.000000E-05,9.691400E-01,3.014000E-02,2.000000E-05,1.000000E-05,0.000000E+00,1.182000E-02,1.500000E-04,0.000000E+00,0.000000E+00,1.700000E-04,1.000000E-05,1.000000E-05,0.000000E+00,0.000000E+00,1.000000E-05,1.157000E-02,6.160000E-03,5.730000E-03,0.000000E+00,0.000000E+00,0.000000E+00,6.190000E-03,4.300000E-04,0.000000E+00,6.380000E-03
11,0.000000E+00,1.000000E-05,3.000000E-05,0.000000E+00,0.000000E+00,0.000000E+00,9.078600E-01,7.357000E-02,0.000000E+00,0.000000E+00,7.364000E-02,2.600000E-04,0.000000E+00,0.000000E+00,0.000000E+00,0.000000E+00,1.207000E-02,5.600000E-04,0.000000E+00,7.900000E-04,1.000000E-05,0.000000E+00,3.100000E-04,0.000000E+00,0.000000E+00,0.000000E+00
111,0.000000E+00,0.000000E+00,0.000000E+00,0.000000E+00,0.000000E+00,0.000000E+00,2.000000E-05,0.000000E+00,0.000000E+00,0.000000E+00,0.000000E+00,0.000000E+00,0.000000E+00,0.000000E+00,0.000000E+00,0.000000E+00,8.736100E-01,3.233000E-02,0.000000E+00,3.608000E-02,8.500000E-04,0.000000E+00,3.595000E-02,7.400000E-04,1.300000E-04,0.000000E+00
112,0.000000E+00,0.000000E+00,0.000000E+00,0.000000E+00,0.000000E+00,0.000000E+00,0.000000E+00,0.000000E+00,0.000000E+00,0.000000E+00,0.000000E+00,0.000000E+00,0.000000E+00,0.000000E+00,0.000000E+00,0.000000E+00,0.000000E+00,0.000000E+00,0.000000E+00,0.000000E+00,0.000000E+00,0.000000E+00,0.000000E+00,0.000000E+00,0.000000E+00,0.000000E+00
113,0.000000E+00,0.000000E+00,0.000000E+00,0.000000E+00,0.000000E+00,0.000000E+00,0.000000E+00,0.000000E+00,0.000000E+00,0.000000E+00,0.000000E+00,0.000000E+00,0.000000E+00,0.000000E+00,0.000000E+00,0.000000E+00,0.000000E+00,0.000000E+00,0.000000E+00,0.000000E+00,0.000000E+00,0.000000E+00,0.000000E+00,0.000000E+00,0.000000E+00,0.000000E+00
12,0.000000E+00,0.000000E+00,0.000000E+00,0.000000E+00,0.000000E+00,0.000000E+00,0.000000E+00,0.000000E+00,0.000000E+00,0.000000E+00,0.000000E+00,0.000000E+00,0.000000E+00,0.000000E+00,0.000000E+00,0.000000E+00,0.000000E+00,0.000000E+00,0.000000E+00,0.000000E+00,0.000000E+00,0.000000E+00,0.000000E+00,0.000000E+00,0.000000E+00,0.000000E+00
121,0.000000E+00,0.000000E+00,0.000000E+00,0.000000E+00,0.000000E+00,0.000000E+00,0.000000E+00,0.000000E+00,0.000000E+00,0.000000E+00,0.000000E+00,0.000000E+00,0.000000E+00,0.000000E+00,0.000000E+00,0.000000E+00,0.000000E+00,0.000000E+00,0.000000E+00,0.000000E+00,0.000000E+00,0.000000E+00,0.000000E+00,0.000000E+00,0.000000E+00,0.000000E+00
122,0.000000E+00,0.000000E+00,0.000000E+00,0.000000E+00,0.000000E+00,0.000000E+00,0.000000E+00,0.000000E+00,0.000000E+00,0.000000E+00,0.000000E+00,0.000000E+00,0.000000E+00,0.000000E+00,0.000000E+00,0.000000E+00,0.000000E+00,0.000000E+00,0.000000E+00,0.000000E+00,0.000000E+00,0.000000E+00,0.000000E+00,0.000000E+00,0.000000E+00,0.000000E+00
13,0.000000E+00,0.000000E+00,0.000000E+00,0.000000E+00,0.000000E+00,0.000000E+00,0.000000E+00,0.000000E+00,0.000000E+00,0.000000E+00,0.000000E+00,0.000000E+00,0.000000E+00,0.000000E+00,0.000000E+00,0.000000E+00,0.000000E+00,0.000000E+00,0.000000E+00,0.000000E+00,0.000000E+00,0.000000E+00,0.000000E+00,0.000000E+00,0.000000E+00,0.000000E+00
131,0.000000E+00,0.000000E+00,0.000000E+00,0.000000E+00,0.000000E+00,0.000000E+00,0.000000E+00,0.000000E+00,0.000000E+00,0.000000E+00,0.000000E+00,0.000000E+00,0.000000E+00,0.000000E+00,0.000000E+00,0.000000E+00,0.000000E+00,0.000000E+00,0.000000E+00,0.000000E+00,0.000000E+00,0.000000E+00,0.000000E+00,0.000000E+00,0.000000E+00,0.000000E+00
14,0.000000E+00,0.000000E+00,0.000000E+00,0.000000E+00,0.000000E+00,0.000000E+00,0.000000E+00,0.000000E+00,0.000000E+00,0.000000E+00,0.000000E+00,0.000000E+00,0.000000E+00,0.000000E+00,0.000000E+00,0.000000E+00,0.000000E+00,0.000000E+00,0.000000E+00,0.000000E+00,0.000000E+00,0.000000E+00,0.000000E+00,0.000000E+00,0.000000E+00,0.000000E+00
2,0.000000E+00,0.000000E+00,9.694700E-01,3.107000E-02,0.000000E+00,0.000000E+00,0.000000E+00,5.560000E-03,1.500000E-04,0.000000E+00,6.320000E-03,0.000000E+00,0.000000E+00,3.100000E-04,0.000000E+00,0.000000E+00,0.000000E+00,6.000000E-03,1.500000E-04,8.000000E-05,0.000000E+00,0.000000E+00,6.080000E-03,1.248000E-02,0.000000E+00,1.900000E-04
21,0.000000E+00,0.000000E+00,0.000000E+00,1.000000E-05,0.000000E+00,0.000000E+00,2.000000E-05,9.079000E-01,7.266000E-02,0.000000E+00,9.069800E-01,9.018000E-02,3.300000E-04,7.242000E-02,3.200000E-04,0.000000E+00,0.000000E+00,5.770000E-03,5.400000E-04,1.142000E-02,6.200000E-04,9.900000E-04,5.520000E-03,0.000000E+00,5.900000E-04,4.700000E-04
211,0.000000E+00,0.000000E+00,0.000000E+00,0.000000E+00,0.000000E+00,0.000000E+00,0.000000E+00,2.000000E-05,0.000000E+00,0.000000E+00,4.000000E-05,2.000000E-05,0.000000E+00,0.000000E+00,0.000000E+00,0.000000E+00,3.000000E-05,8.744600E-01,3.273000E-02,9.078600E-01,1.044400E-01,7.069000E-02,9.080100E-01,1.043600E-01,5.314000E-02,6.809000E-02
212,0.000000E+00,0.000000E+00,0.000000E+00,0.000000E+00,0.000000E+00,0.000000E+00,0.000000E+00,0.000000E+00,0.000000E+00,0.000000E+00,0.000000E+00,0.000000E+00,0.000000E+00,0.000000E+00,0.000000E+00,0.000000E+00,0.000000E+00,0.000000E+00,0.000000E+00,0.000000E+00,0.000000E+00,0.000000E+00,0.000000E+00,0.000000E+00,0.000000E+00,0.000000E+00
22,0.000000E+00,0.000000E+00,0.000000E+00,0.000000E+00,0.000000E+00,0.000000E+00,0.000000E+00,2.000000E-05,1.000000E-05,0.000000E+00,1.000000E-05,9.090500E-01,1.739000E-02,0.000000E+00,1.787000E-02,0.000000E+00,0.000000E+00,0.000000E+00,0.000000E+00,0.000000E+00,5.450000E-03,0.000000E+00,0.000000E+00,0.000000E+00,5.600000E-03,0.000000E+00
221,0.000000E+00,0.000000E+00,0.000000E+00,0.000000E+00,0.000000E+00,0.000000E+00,0.000000E+00,0.000000E+00,0.000000E+00,0.000000E+00,0.000000E+00,2.000000E-05,0.000000E+00,0.000000E+00,0.000000E+00,0.000000E+00,0.000000E+00,0.000000E+00,0.000000E+00,7.000000E-05,8.607500E-01,0.000000E+00,3.000000E-05,8.606300E-01,8.958700E-01,0.000000E+00
23,0.000000E+00,0.000000E+00,0.000000E+00,0.000000E+00,0.000000E+00,0.000000E+00,0.000000E+00,0.000000E+00,0.000000E+00,0.000000E+00,0.000000E+00,0.000000E+00,0.000000E+00,0.000000E+00,0.000000E+00,0.000000E+00,0.000000E+00,0.000000E+00,0.000000E+00,0.000000E+00,0.000000E+00,0.000000E+00,0.000000E+00,0.000000E+00,0.000000E+00,0.000000E+00
3,0.000000E+00,0.000000E+00,0.000000E+00,9.685800E-01,3.034000E-02,0.000000E+00,0.000000E+00,0.000000E+00,6.400000E-03,2.200000E-04,0.000000E+00,0.000000E+00,0.000000E+00,6.190000E-03,0.000000E+00,2.000000E-04,0.000000E+00,0.000000E+00,5.820000E-03,0.000000E+00,0.000000E+00,6.000000E-05,0.000000E+00,0.000000E+00,0.000000E+00,6.310000E-03
31,0.000000E+00,0.000000E+00,0.000000E+00,0.000000E+00,3.000000E-05,0.000000E+00,0.000000E+00,1.000000E-05,9.075100E-01,7.214000E-02,1.000000E-05,4.000000E-05,7.281000E-02,9.084200E-01,7.231000E-02,7.354000E-02,0.000000E+00,0.000000E+00,5.590000E-03,0.000000E+00,0.000000E+00,1.159000E-02,0.000000E+00,0.000000E+00,0.000000E+00,5.520000E-03
311,0.000000E+00,0.000000E+00,0.000000E+00,0.000000E+00,0.000000E+00,0.000000E+00,0.000000E+00,0.000000E+00,6.000000E-05,0.000000E+00,0.000000E+00,0.000000E+00,0.000000E+00,4.000000E-05,1.000000E-05,1.000000E-05,0.000000E+00,3.000000E-05,8.600100E-01,3.000000E-05,0.000000E+00,8.573800E-01,1.000000E-05,0.000000E+00,0.000000E+00,8.613100E-01
32,0.000000E+00,0.000000E+00,0.000000E+00,0.000000E+00,0.000000E+00,0.000000E+00,0.000000E+00,0.000000E+00,0.000000E+00,0.000000E+00,0.000000E+00,1.000000E-05,9.046500E-01,0.000000E+00,9.048600E-01,0.000000E+00,0.000000E+00,0.000000E+00,0.000000E+00,0.000000E+00,0.000000E+00,0.000000E+00,0.000000E+00,0.000000E+00,0.000000E+00,0.000000E+00
4,0.000000E+00,0.000000E+00,0.000000E+00,2.000000E-05,9.693100E-01,3.101000E-02,0.000000E+00,0.000000E+00,0.000000E+00,6.100000E-03,0.000000E+00,0.000000E+00,0.000000E+00,0.000000E+00,0.000000E+00,6.100000E-03,0.000000E+00,0.000000E+00,0.000000E+00,0.000000E+00,0.000000E+00,0.000000E+00,0.000000E+00,0.000000E+00,0.000000E+00,0.000000E+00
41,0.000000E+00,0.000000E+00,0.000000E+00,0.000000E+00,0.000000E+00,0.000000E+00,0.000000E+00,0.000000E+00,0.000000E+00,9.041900E-01,0.000000E+00,0.000000E+00,0.000000E+00,2.000000E-05,0.000000E+00,9.037600E-01,0.000000E+00,0.000000E+00,0.000000E+00,0.000000E+00,0.000000E+00,0.000000E+00,0.000000E+00,0.000000E+00,0.000000E+00,0.000000E+00
5,0.000000E+00,0.000000E+00,0.000000E+00,0.000000E+00,0.000000E+00,9.686200E-01,0.000000E+00,0.000000E+00,0.000000E+00,0.000000E+00,0.000000E+00,0.000000E+00,0.000000E+00,0.000000E+00,0.000000E+00,0.000000E+00,0.000000E+00,0.000000E+00,0.000000E+00,0.000000E+00,0.000000E+00,0.000000E+00,0.000000E+00,0.000000E+00,0.000000E+00,0.000000E+00
