pattern,ne,Efficiency
1,1,9.681870e-01
1,2,2.661040e-01
1,3,1.594410e-01
1,4,1.206910e-01
1,5,9.969600e-02
2,1,4.260000e-04
2,2,3.043020e-01
2,3,7.799500e-02
2,4,3.931600e-02
2,5,2.630500e-02
3,1,0.000000e+00
3,2,1.220000e-04
3,3,1.152250e-01
3,4,2.865900e-02
3,5,1.277700e-02
4,1,0.000000e+00
4,2,0.000000e+00
4,3,4.400000e-05
4,4,4.701100e-02
4,5,1.136700e-02
5,1,0.000000e+00
5,2,0.000000e+00
5,3,0.000000e+00
5,4,2.600000e-05
5,5,2.015600e-02
11,1,7.200000e-04
11,2,3.932450e-01
11,3,4.888950e-01
11,4,4.622680e-01
11,5,4.090680e-01
41,1,0.000000e+00
41,2,0.000000e+00
41,3,0.000000e+00
41,4,0.000000e+00
41,5,0.000000e+00
32,1,0.000000e+00
32,2,0.000000e+00
32,3,0.000000e+00
32,4,0.000000e+00
32,5,0.000000e+00
311,1,0.000000e+00
311,2,0.000000e+00
311,3,0.000000e+00
311,4,0.000000e+00
311,5,0.000000e+00
31,1,0.000000e+00
31,2,0.000000e+00
31,3,2.300000e-04
31,4,1.970000e-01
31,5,6.500000e-02
221,1,0.000000e+00
221,2,0.000000e+00
221,3,0.000000e+00
221,4,0.000000e+00
221,5,0.000000e+00
22,1,0.000000e+00
22,2,0.000000e+00
22,3,1.600000e-04
22,4,0.000000e+00
22,5,0.000000e+00
23,1,0.000000e+00
23,2,0.000000e+00
23,3,0.000000e+00
23,4,0.000000e+00
23,5,0.000000e+00
211,1,0.000000e+00
211,2,0.000000e+00
211,3,5.300000e-04
211,4,2.230000e-01
211,5,6.300000e-02
111,1,0.000000e+00
111,2,3.500000e-04
111,3,1.35000e-01
111,4,3.4000e-02
111,5,9.000e-03
21,1,0.000000e+00
21,2,5.700000e-04
21,3,3.660000e-01
21,4,1.230000e-01
21,5,4.900000e-02
