# Simulation Parameters: Nsims=1000000, alpha=1, beta=0, A=803.25,b=0.00065,lambda=0.00041
pattern,ne,Efficiency
1,1,0.98625
2,1,0.00042
3,1,0.0
4,1,0.0
5,1,0.0
11,1,0.00073
41,1,0.0
32,1,0.0
311,1,0.0
31,1,0.0
221,1,0.0
23,1,0.0
211,1,0.0
111,1,0.0
21,1,0.0
1,2,0.50964
2,2,0.33019
3,2,0.00013
4,2,0.0
5,2,0.0
11,2,0.37418
41,2,0.0
32,2,0.0
311,2,0.0
31,2,0.0
221,2,0.0
23,2,0.0
211,2,0.0
111,2,0.00036
21,2,0.00057
1,3,0.33942
2,3,0.14558
3,3,0.15476
4,3,6e-05
5,3,0.0
11,3,0.13724
41,3,0.0
32,3,0.0
311,3,0.0
31,3,0.00023
221,3,0.0
23,3,0.0
211,3,0.00053
111,3,0.13529
21,3,0.36556
1,4,0.25427
2,4,0.08949
3,4,0.05254
4,4,0.09015
5,4,3e-05
11,4,0.05675
41,4,0.00018
32,4,0.0002
311,4,0.00025
31,4,0.19667
221,4,0.0003
23,4,0.0
211,4,0.22307
111,4,0.03363
21,4,0.12272
1,5,0.20801
2,5,0.06049
3,5,0.0313
4,5,0.02082
5,5,0.06184
11,5,0.03035
41,5,0.11498
32,5,0.14379
311,5,0.11616
31,5,0.06525
221,5,0.13424
23,5,0.0
211,5,0.06319
111,5,0.009
21,5,0.04917
22,1,0.000000e+00
22,2,0.000000e+00
22,3,1.600000e-04
22,4,1.140900e-01
22,5,2.996000e-02