# Simulation Parameters: Nsims=100000, alpha=1, beta=0, A=803.25,b=0.00065,lambda=0.00015
pattern,ne,Efficiency
1,1,0.97524
2,1,0.00013
3,1,0.0
4,1,0.0
5,1,0.0
11,1,0.0
41,1,0.0
32,1,0.0
311,1,0.0
31,1,0.0
221,1,0.0
22,1,0.0
23,1,0.0
211,1,0.0
111,1,0.0
21,1,0.0
1,2,0.49461
2,2,0.33377
3,2,0.00012
4,2,0.0
5,2,0.0
11,2,0.3832711
41,2,0.0
32,2,0.0
311,2,0.0
31,2,0.0
221,2,0.0
22,2,0.0000001
23,2,0.0
211,2,0.0
111,2,0.000159
21,2,0.0002326
1,3,0.32505
2,3,0.14513
3,3,0.15523
4,3,0.00003
5,3,0.0
11,3,0.108156
41,3,0.0
32,3,0.0
311,3,0.0
31,3,0.0001218
221,3,0.0
22,3,0.0000666
23,3,0.0
211,3,0.0002177
111,3,0.1294453
21,3,0.4119231
1,4,0.24404
2,4,0.08919
3,4,0.05176
4,4,0.08902
5,4,0.00002
11,4,0.0328453
41,4,0.00006
32,4,0.00004
311,4,0.00014
31,4,0.2372417
221,4,0.0001
22,4,0.1333185
23,4,0.0
211,4,0.2169164
111,4,0.061204
21,4,0.1056626
1,5,0.19775
2,5,0.06028
3,5,0.03102
4,5,0.02152
5,5,0.06017
11,5,0.0152595
41,5,0.11416
32,5,0.14422
311,5,0.11734
31,5,0.4893033
221,5,0.13354
22,5,0.0236137
23,5,0.0
211,5,0.2770362
111,5,0.0276995
21,5,0.0300807
